image_position,dataset_index,ground_truth_class,ground_truth_label,predicted_class,predicted_label,original_target_confidence,method_key,method,num_samples,k_requested,feature_count,positive_feature_count,top10_selected_feature_count,top20_selected_feature_count,top10_area_fraction,top20_area_fraction,critical_selected_feature_count,critical_area_fraction_target,critical_area_fraction_actual,deleted_target_confidence,deleted_predicted_class,cir,dir,surrogate_score,explanation_runtime_seconds
1,0,91,coucal,91,coucal,0.9998750686645508,default_lime,Default LIME,1000,,41,25,3,5,0.1002670599489796,0.15937898596938777,7,0.2,0.20037468112244897,0.06382410228252411,80,0.9360509663820267,1,0.5806710839438152,5.4068272691220045
1,0,91,coucal,91,coucal,0.9998750686645508,color_black,Color-LIME — Black,1000,256,256,148,15,30,0.06429368622448979,0.09135841836734694,53,0.2,0.2011120854591837,0.00033252721186727285,43,0.9995425414526835,1,0.33414798029141735,5.2499538633972405
1,0,91,coucal,91,coucal,0.9998750686645508,structure_fixed,Color-LIME — Structure-Preserving Fixed,1000,256,256,245,25,49,0.04253029336734694,0.11503507653061225,64,0.2,0.27120535714285715,0.999261200428009,91,0.000613868236541748,0,0.4055475486748481,5.246007624268532
1,0,91,coucal,91,coucal,0.9998750686645508,structure_fresh,Color-LIME — Structure-Preserving Fresh,1000,256,256,244,25,49,0.06754225127551021,0.21942761479591838,46,0.2,0.2103595344387755,0.9980280995368958,91,0.0018469691276550293,0,0.40871108014380697,5.24371423125267
1,0,91,coucal,91,coucal,0.9998750686645508,independent_fixed,Color-LIME — Independent-Color Fixed,1000,256,256,243,25,49,0.08382493622448979,0.12717235331632654,74,0.2,0.20167012117346939,0.9955465793609619,91,0.004328489303588867,0,0.426052062907713,5.24327100738883
1,0,91,coucal,91,coucal,0.9998750686645508,independent_fresh,Color-LIME — Independent-Color Fresh,1000,256,256,232,24,47,0.0764907525510204,0.24410076530612246,42,0.2,0.22193877551020408,0.9698627591133118,91,0.030012309551239014,0,0.3977457181820817,5.243290255963802
4,3,218,Welsh springer spaniel,218,Welsh springer spaniel,0.9786998629570007,default_lime,Default LIME,1000,,38,19,2,4,0.03322305484693878,0.15597098214285715,5,0.2,0.21432557397959184,0.04026362672448158,217,0.9384362362325191,1,0.7128948962993962,4.415113959461451
4,3,218,Welsh springer spaniel,218,Welsh springer spaniel,0.9786998629570007,color_black,Color-LIME — Black,1000,256,256,239,24,48,0.11106903698979592,0.21061862244897958,45,0.2,0.2021484375,0.050281111150979996,156,0.9284187518060207,1,0.39335586055079175,5.433472015708685
4,3,218,Welsh springer spaniel,218,Welsh springer spaniel,0.9786998629570007,structure_fixed,Color-LIME — Structure-Preserving Fixed,1000,256,256,241,25,49,0.08687420280612244,0.19997608418367346,50,0.2,0.20155054209183673,0.2625306248664856,218,0.7161692380905151,0,0.4130508541562824,5.4332002222538
4,3,218,Welsh springer spaniel,218,Welsh springer spaniel,0.9786998629570007,structure_fresh,Color-LIME — Structure-Preserving Fresh,1000,256,256,242,25,49,0.08838887117346939,0.16338488520408162,58,0.2,0.2004344706632653,0.0377938412129879,156,0.9409060217440128,1,0.394606138317117,5.4330013383179905
4,3,218,Welsh springer spaniel,218,Welsh springer spaniel,0.9786998629570007,independent_fixed,Color-LIME — Independent-Color Fixed,1000,256,256,202,21,41,0.1285674426020408,0.21261160714285715,38,0.2,0.2015106823979592,0.012320468202233315,850,0.9663793947547674,1,0.46077426683972555,5.43342377319932
4,3,218,Welsh springer spaniel,218,Welsh springer spaniel,0.9786998629570007,independent_fresh,Color-LIME — Independent-Color Fresh,1000,256,256,198,20,40,0.12442203443877552,0.2079280931122449,37,0.2,0.20001594387755103,0.302065372467041,217,0.6766344904899597,1,0.46066096741064666,5.433498115092516
5,4,19,chickadee,19,chickadee,0.9988616704940796,default_lime,Default LIME,1000,,35,22,3,5,0.21667729591836735,0.3364756058673469,3,0.2,0.21667729591836735,0.9987831711769104,19,7.849931716918945e-05,0,0.06180487176143645,4.371755518019199
5,4,19,chickadee,19,chickadee,0.9988616704940796,color_black,Color-LIME — Black,1000,256,256,192,20,39,0.08940529336734694,0.1839923469387755,42,0.2,0.2009327168367347,0.9963867664337158,19,0.0024749040603637695,0,0.41711634528100827,5.163684992864728
5,4,19,chickadee,19,chickadee,0.9988616704940796,structure_fixed,Color-LIME — Structure-Preserving Fixed,1000,256,256,242,25,49,0.10590720663265306,0.18453045280612246,52,0.2,0.20246731505102042,0.9974302649497986,19,0.0014314055442810059,0,0.42370699508294696,5.16084600687027
5,4,19,chickadee,19,chickadee,0.9988616704940796,structure_fresh,Color-LIME — Structure-Preserving Fresh,1000,256,256,242,25,49,0.10544882015306123,0.19501355229591838,51,0.2,0.20061383928571427,0.9828075170516968,19,0.016054153442382812,0,0.42560697666580893,5.1608877766877415
5,4,19,chickadee,19,chickadee,0.9988616704940796,independent_fixed,Color-LIME — Independent-Color Fixed,1000,256,256,243,25,49,0.10544882015306123,0.1956513073979592,51,0.2,0.20167012117346939,0.99724280834198,19,0.0016188621520996094,0,0.42579438725536856,5.161466226726771
5,4,19,chickadee,19,chickadee,0.9988616704940796,independent_fresh,Color-LIME — Independent-Color Fresh,1000,256,256,245,25,49,0.09921077806122448,0.20097257653061223,49,0.2,0.20097257653061223,0.9982638955116272,19,0.0005977749824523926,0,0.4282100531370385,5.161719045415521
6,5,658,mitten,658,mitten,0.9894405007362366,default_lime,Default LIME,1000,,38,30,3,6,0.19413663903061223,0.29135443239795916,4,0.2,0.22887436224489796,0.013329043984413147,904,0.9761114567518234,1,0.6279793016852948,4.480422843247652
6,5,658,mitten,658,mitten,0.9894405007362366,color_black,Color-LIME — Black,1000,256,256,184,19,37,0.08444276147959184,0.15882095025510204,47,0.2,0.2005939094387755,0.01169609371572733,489,0.9777444070205092,1,0.3592615416459499,5.573728308454156
6,5,658,mitten,658,mitten,0.9894405007362366,structure_fixed,Color-LIME — Structure-Preserving Fixed,1000,256,256,165,17,33,0.11999760841836735,0.16852678571428573,42,0.2,0.20382254464285715,0.03712891787290573,748,0.9523115828633308,1,0.40490273378296326,5.571774892881512
6,5,658,mitten,658,mitten,0.9894405007362366,structure_fresh,Color-LIME — Structure-Preserving Fresh,1000,256,256,183,19,37,0.07557397959183673,0.14951371173469388,46,0.2,0.20001594387755103,0.00023562456772197038,580,0.9892048761685146,1,0.3447465172107802,5.571700439229607
6,5,658,mitten,658,mitten,0.9894405007362366,independent_fixed,Color-LIME — Independent-Color Fixed,1000,256,256,229,23,46,0.1319156568877551,0.2118542729591837,43,0.2,0.20342394770408162,0.23986004292964935,658,0.7495804578065872,0,0.3957926930352832,5.571629487350583
6,5,658,mitten,658,mitten,0.9894405007362366,independent_fresh,Color-LIME — Independent-Color Fresh,1000,256,256,241,25,49,0.11631058673469388,0.18736049107142858,54,0.2,0.20928332270408162,0.014932269230484962,489,0.9745082315057516,1,0.3895004472393854,5.571646647900343
8,7,808,sombrero,808,sombrero,0.9875559210777283,default_lime,Default LIME,1000,,40,23,3,5,0.0637954400510204,0.09414859693877552,9,0.2,0.2046795280612245,0.0023290913086384535,917,0.9852268297690898,1,0.5838395512279466,4.456733191385865
8,7,808,sombrero,808,sombrero,0.9875559210777283,color_black,Color-LIME — Black,1000,256,256,242,25,49,0.11216517857142858,0.2115752551020408,47,0.2,0.2020886479591837,0.33874738216400146,808,0.6488085389137268,0,0.4207642480249566,5.298396195098758
8,7,808,sombrero,808,sombrero,0.9875559210777283,structure_fixed,Color-LIME — Structure-Preserving Fixed,1000,256,256,239,24,48,0.11595184948979592,0.21263153698979592,47,0.2,0.20952248086734693,0.0009091097163036466,917,0.9866468113614246,1,0.4262956058867161,5.297759274765849
8,7,808,sombrero,808,sombrero,0.9875559210777283,structure_fresh,Color-LIME — Structure-Preserving Fresh,1000,256,256,200,20,40,0.07095025510204081,0.1456672512755102,51,0.2,0.20009566326530612,0.0022904679644852877,917,0.985265453113243,1,0.4106905878723621,5.2967565402388574
8,7,808,sombrero,808,sombrero,0.9875559210777283,independent_fixed,Color-LIME — Independent-Color Fixed,1000,256,256,243,25,49,0.09642059948979592,0.21181441326530612,47,0.2,0.20260682397959184,0.28523558378219604,917,0.7023203372955322,1,0.41999242453085606,5.296801808103919
8,7,808,sombrero,808,sombrero,0.9875559210777283,independent_fresh,Color-LIME — Independent-Color Fresh,1000,256,256,242,25,49,0.11358019770408163,0.2129703443877551,47,0.2,0.20184948979591838,0.11448825895786285,917,0.8730676621198654,1,0.4196677227900123,5.296373796463013
9,8,305,dung beetle,305,dung beetle,0.4460805356502533,default_lime,Default LIME,1000,,33,22,3,5,0.11870216836734694,0.36118861607142855,4,0.2,0.30819515306122447,0.0010692799696698785,361,0.4450112556805834,1,0.31082785722382356,4.3086649607867
9,8,305,dung beetle,305,dung beetle,0.4460805356502533,color_black,Color-LIME — Black,1000,256,256,246,25,50,0.09793526785714286,0.20131138392857142,50,0.2,0.20131138392857142,1.4321136404760182e-05,805,0.44606621451384854,1,0.40972494176167373,5.297979908436536
9,8,305,dung beetle,305,dung beetle,0.4460805356502533,structure_fixed,Color-LIME — Structure-Preserving Fixed,1000,256,256,250,25,50,0.09861288265306123,0.1856066645408163,56,0.2,0.20047433035714285,1.742795211612247e-05,805,0.4460631076981372,1,0.4073393044414576,5.296522884070873
9,8,305,dung beetle,305,dung beetle,0.4460805356502533,structure_fresh,Color-LIME — Structure-Preserving Fresh,1000,256,256,251,26,51,0.10887675382653061,0.18502869897959184,54,0.2,0.20057397959183673,7.40180621505715e-05,805,0.4460065175881027,1,0.40959876548963525,5.296823071688413
9,8,305,dung beetle,305,dung beetle,0.4460805356502533,independent_fixed,Color-LIME — Independent-Color Fixed,1000,256,256,193,20,39,0.09703842474489796,0.15483498086734693,52,0.2,0.20071348852040816,0.00018247908155899495,805,0.4458980565686943,1,0.3562871125358612,5.297543147951364
9,8,305,dung beetle,305,dung beetle,0.4460805356502533,independent_fresh,Color-LIME — Independent-Color Fresh,1000,256,256,249,25,50,0.11774553571428571,0.1831951530612245,56,0.2,0.20246731505102042,1.5428802726091817e-05,805,0.4460651068475272,1,0.40403755080705306,5.2961008496582505
10,9,416,"balance beam, beam",416,"balance beam, beam",0.9942280054092407,default_lime,Default LIME,1000,,37,19,2,4,0.05853396045918367,0.1721141581632653,5,0.2,0.2458545918367347,0.3206334710121155,602,0.6735945343971252,1,0.3824975246064696,4.3076275531202555
10,9,416,"balance beam, beam",416,"balance beam, beam",0.9942280054092407,color_black,Color-LIME — Black,1000,256,256,163,17,33,0.11553332270408163,0.2090640943877551,29,0.2,0.20754942602040816,0.9666464328765869,416,0.02758157253265381,0,0.44572504947360636,4.9077454533427955
10,9,416,"balance beam, beam",416,"balance beam, beam",0.9942280054092407,structure_fixed,Color-LIME — Structure-Preserving Fixed,1000,256,256,226,23,46,0.26353236607142855,0.4250438456632653,17,0.2,0.2416095344387755,0.9967041611671448,416,0.0,0,0.4326356458935273,4.905913476645947
10,9,416,"balance beam, beam",416,"balance beam, beam",0.9942280054092407,structure_fresh,Color-LIME — Structure-Preserving Fresh,1000,256,256,196,20,40,0.33352598852040816,0.36300223214285715,8,0.2,0.2797951211734694,0.9975384473800659,416,0.0,0,0.4297702532934715,4.905956168472767
10,9,416,"balance beam, beam",416,"balance beam, beam",0.9942280054092407,independent_fixed,Color-LIME — Independent-Color Fixed,1000,256,256,211,22,43,0.1896922831632653,0.2890625,24,0.2,0.22331393494897958,0.9861729741096497,416,0.008055031299591064,0,0.39402349628720434,4.907239525392652
10,9,416,"balance beam, beam",416,"balance beam, beam",0.9942280054092407,independent_fresh,Color-LIME — Independent-Color Fresh,1000,256,256,208,21,42,0.2649075255102041,0.4513313137755102,10,0.2,0.23860012755102042,0.993871808052063,416,0.0003561973571777344,0,0.39988409579051587,4.907096515223384
11,10,89,"sulphur-crested cockatoo, Kakatoe galerita, Cacatua galerita",89,"sulphur-crested cockatoo, Kakatoe galerita, Cacatua galerita",0.9988318085670471,default_lime,Default LIME,1000,,38,24,3,5,0.08675462372448979,0.1540577168367347,8,0.2,0.2159797512755102,0.9417991638183594,89,0.057032644748687744,0,0.45120214064885633,4.390529492869973
11,10,89,"sulphur-crested cockatoo, Kakatoe galerita, Cacatua galerita",89,"sulphur-crested cockatoo, Kakatoe galerita, Cacatua galerita",0.9988318085670471,color_black,Color-LIME — Black,1000,256,256,188,19,38,0.07017299107142858,0.14433195153061223,53,0.2,0.2005939094387755,0.006521737668663263,93,0.9923100708983839,1,0.39377874057378737,5.416564445570112
11,10,89,"sulphur-crested cockatoo, Kakatoe galerita, Cacatua galerita",89,"sulphur-crested cockatoo, Kakatoe galerita, Cacatua galerita",0.9988318085670471,structure_fixed,Color-LIME — Structure-Preserving Fixed,1000,256,256,183,19,37,0.10666454081632654,0.185546875,44,0.2,0.20210857780612246,0.012688258662819862,93,0.9861435499042273,1,0.41808160472219724,5.414322925359011
11,10,89,"sulphur-crested cockatoo, Kakatoe galerita, Cacatua galerita",89,"sulphur-crested cockatoo, Kakatoe galerita, Cacatua galerita",0.9988318085670471,structure_fresh,Color-LIME — Structure-Preserving Fresh,1000,256,256,171,18,35,0.08523995535714286,0.1572265625,49,0.2,0.2041613520408163,0.9247490167617798,89,0.07408279180526733,0,0.30439907992684934,5.414348527416587
11,10,89,"sulphur-crested cockatoo, Kakatoe galerita, Cacatua galerita",89,"sulphur-crested cockatoo, Kakatoe galerita, Cacatua galerita",0.9988318085670471,independent_fixed,Color-LIME — Independent-Color Fixed,1000,256,256,149,15,30,0.08717315051020408,0.13938934948979592,41,0.2,0.2022082270408163,0.012788274325430393,93,0.9860435342416167,1,0.4961390092486321,5.414299809932709
11,10,89,"sulphur-crested cockatoo, Kakatoe galerita, Cacatua galerita",89,"sulphur-crested cockatoo, Kakatoe galerita, Cacatua galerita",0.9988318085670471,independent_fresh,Color-LIME — Independent-Color Fresh,1000,256,256,144,15,29,0.08531967474489796,0.15736607142857142,38,0.2,0.20159040178571427,0.03314831852912903,93,0.9656834900379181,1,0.4461385631524355,5.414289844781161
12,11,793,shower cap,793,shower cap,0.9858265519142151,default_lime,Default LIME,1000,,29,15,2,3,0.14084422831632654,0.20163026147959184,3,0.2,0.20163026147959184,0.9960390329360962,793,0.0,0,0.2902565613983221,4.230006409808993
12,11,793,shower cap,793,shower cap,0.9858265519142151,color_black,Color-LIME — Black,1000,256,256,243,25,49,0.12125318877551021,0.23596938775510204,36,0.2,0.20870535714285715,0.19163356721401215,643,0.7941929847002029,1,0.39276929167120056,5.022027041390539
12,11,793,shower cap,793,shower cap,0.9858265519142151,structure_fixed,Color-LIME — Structure-Preserving Fixed,1000,256,256,247,25,50,0.16507892219387754,0.2068718112244898,41,0.2,0.20063376913265307,0.9960017800331116,793,0.0,0,0.4080468378727532,5.019976252317429
12,11,793,shower cap,793,shower cap,0.9858265519142151,structure_fresh,Color-LIME — Structure-Preserving Fresh,1000,256,256,194,20,39,0.09857302295918367,0.16942362882653061,42,0.2,0.20896444515306123,0.9358581900596619,793,0.04996836185455322,0,0.3947213515560032,5.019974672794342
12,11,793,shower cap,793,shower cap,0.9858265519142151,independent_fixed,Color-LIME — Independent-Color Fixed,1000,256,256,248,25,50,0.1689453125,0.2154217155612245,41,0.2,0.20139110331632654,0.9936708211898804,793,0.0,0,0.40726535112985174,5.019965743273497
12,11,793,shower cap,793,shower cap,0.9858265519142151,independent_fresh,Color-LIME — Independent-Color Fresh,1000,256,256,248,25,50,0.17002152423469388,0.20713089923469388,47,0.2,0.20360331632653061,0.995870053768158,793,0.0,0,0.4076173839233742,5.019890052825213
14,13,505,coffeepot,505,coffeepot,0.9456150531768799,default_lime,Default LIME,1000,,29,16,2,4,0.1615314094387755,0.2412707270408163,3,0.2,0.20826690051020408,0.9503151774406433,505,0.0,0,0.2921453691227919,4.210763528943062
14,13,505,coffeepot,505,coffeepot,0.9456150531768799,color_black,Color-LIME — Black,1000,256,256,135,14,27,0.0574577487244898,0.11577248086734694,50,0.2,0.2014110331632653,0.9196057915687561,505,0.02600926160812378,0,0.3288285203058593,5.18043950162828
14,13,505,coffeepot,505,coffeepot,0.9456150531768799,structure_fixed,Color-LIME — Structure-Preserving Fixed,1000,256,256,152,16,31,0.08498086734693877,0.14845742984693877,43,0.2,0.20033482142857142,0.956867516040802,505,0.0,0,0.4983408179503859,5.177496982365847
14,13,505,coffeepot,505,coffeepot,0.9456150531768799,structure_fresh,Color-LIME — Structure-Preserving Fresh,1000,256,256,131,14,27,0.06293845663265306,0.1231265943877551,47,0.2,0.20103236607142858,0.9296088218688965,505,0.0160062313079834,0,0.31377410451750287,5.177152081951499
14,13,505,coffeepot,505,coffeepot,0.9456150531768799,independent_fixed,Color-LIME — Independent-Color Fixed,1000,256,256,172,18,35,0.07382015306122448,0.15286192602040816,46,0.2,0.2009327168367347,0.9361799955368042,505,0.009435057640075684,0,0.5256349967022786,5.177086578309536
14,13,505,coffeepot,505,coffeepot,0.9456150531768799,independent_fresh,Color-LIME — Independent-Color Fresh,1000,256,256,159,16,32,0.06030771683673469,0.11503507653061225,49,0.2,0.2005341198979592,0.9572327733039856,505,0.0,0,0.47821603759754217,5.177092177420855
15,14,332,"Angora, Angora rabbit",332,"Angora, Angora rabbit",0.9994161128997803,default_lime,Default LIME,1000,,33,18,2,4,0.09825414540816327,0.17040019132653061,6,0.2,0.23016980229591838,0.0007018434116616845,739,0.9987142694881186,1,0.6468029350004966,4.257854560390115
15,14,332,"Angora, Angora rabbit",332,"Angora, Angora rabbit",0.9994161128997803,color_black,Color-LIME — Black,1000,256,256,243,25,49,0.09155771683673469,0.21833147321428573,47,0.2,0.20244738520408162,0.00022844401246402413,739,0.9991876688873162,1,0.40746136877115124,5.310875788331032
15,14,332,"Angora, Angora rabbit",332,"Angora, Angora rabbit",0.9994161128997803,structure_fixed,Color-LIME — Structure-Preserving Fixed,1000,256,256,243,25,49,0.09155771683673469,0.21833147321428573,48,0.2,0.20505819515306123,0.00018105497292708606,739,0.9992350579268532,1,0.4073564262217271,5.308271987363696
15,14,332,"Angora, Angora rabbit",332,"Angora, Angora rabbit",0.9994161128997803,structure_fresh,Color-LIME — Structure-Preserving Fresh,1000,256,256,243,25,49,0.09155771683673469,0.21833147321428573,47,0.2,0.20244738520408162,0.00022844401246402413,739,0.9991876688873162,1,0.40732979243790557,5.308326344937086
15,14,332,"Angora, Angora rabbit",332,"Angora, Angora rabbit",0.9994161128997803,independent_fixed,Color-LIME — Independent-Color Fixed,1000,256,256,242,25,49,0.08900669642857142,0.2239716198979592,46,0.2,0.20200892857142858,0.00021564100461546332,739,0.9992004718951648,1,0.4135483223511791,5.308192804455757
15,14,332,"Angora, Angora rabbit",332,"Angora, Angora rabbit",0.9994161128997803,independent_fresh,Color-LIME — Independent-Color Fresh,1000,256,256,238,24,48,0.08870774872448979,0.20725047831632654,47,0.2,0.20009566326530612,0.00045608612708747387,739,0.9989600267726928,1,0.41185278746606724,5.308246536180377
17,16,986,"yellow lady's slipper, yellow lady-slipper, Cypripedium calceolus, Cypripedium parviflorum",986,"yellow lady's slipper, yellow lady-slipper, Cypripedium calceolus, Cypripedium parviflorum",0.9997991919517517,default_lime,Default LIME,1000,,32,24,3,5,0.1343670280612245,0.2440609056122449,5,0.2,0.2440609056122449,0.9998388290405273,986,0.0,0,0.27161910925556776,4.287179302424192
17,16,986,"yellow lady's slipper, yellow lady-slipper, Cypripedium calceolus, Cypripedium parviflorum",986,"yellow lady's slipper, yellow lady-slipper, Cypripedium calceolus, Cypripedium parviflorum",0.9997991919517517,color_black,Color-LIME — Black,1000,256,256,163,17,33,0.04061702806122449,0.10337611607142858,59,0.2,0.2012316645408163,0.0007100350921973586,846,0.9990891568595544,1,0.3946058016845265,5.207569878920912
17,16,986,"yellow lady's slipper, yellow lady-slipper, Cypripedium calceolus, Cypripedium parviflorum",986,"yellow lady's slipper, yellow lady-slipper, Cypripedium calceolus, Cypripedium parviflorum",0.9997991919517517,structure_fixed,Color-LIME — Structure-Preserving Fixed,1000,256,256,248,25,50,0.10780054209183673,0.2046795280612245,50,0.2,0.2046795280612245,0.9802488684654236,986,0.019550323486328125,0,0.40776638732917847,5.204825651273131
17,16,986,"yellow lady's slipper, yellow lady-slipper, Cypripedium calceolus, Cypripedium parviflorum",986,"yellow lady's slipper, yellow lady-slipper, Cypripedium calceolus, Cypripedium parviflorum",0.9997991919517517,structure_fresh,Color-LIME — Structure-Preserving Fresh,1000,256,256,245,25,49,0.12161192602040816,0.19893973214285715,51,0.2,0.20081313775510204,0.9889588356018066,986,0.010840356349945068,0,0.42031737132159674,5.204668209329247
17,16,986,"yellow lady's slipper, yellow lady-slipper, Cypripedium calceolus, Cypripedium parviflorum",986,"yellow lady's slipper, yellow lady-slipper, Cypripedium calceolus, Cypripedium parviflorum",0.9997991919517517,independent_fixed,Color-LIME — Independent-Color Fixed,1000,256,256,247,25,50,0.11575255102040816,0.20033482142857142,50,0.2,0.20033482142857142,0.9807354807853699,986,0.019063711166381836,0,0.4135948073179848,5.204659346863627
17,16,986,"yellow lady's slipper, yellow lady-slipper, Cypripedium calceolus, Cypripedium parviflorum",986,"yellow lady's slipper, yellow lady-slipper, Cypripedium calceolus, Cypripedium parviflorum",0.9997991919517517,independent_fresh,Color-LIME — Independent-Color Fresh,1000,256,256,246,25,50,0.10758131377551021,0.19561144770408162,53,0.2,0.20699139030612246,0.9986261129379272,986,0.0011730790138244629,0,0.4149093072136777,5.204611149057746
19,18,116,"chiton, coat-of-mail shell, sea cradle, polyplacophore",116,"chiton, coat-of-mail shell, sea cradle, polyplacophore",0.9980255365371704,default_lime,Default LIME,1000,,47,32,4,7,0.11471619897959184,0.1712372448979592,9,0.2,0.20595503826530612,0.005515200085937977,991,0.9925103364512324,1,0.6110255377169731,4.570149049162865
19,18,116,"chiton, coat-of-mail shell, sea cradle, polyplacophore",116,"chiton, coat-of-mail shell, sea cradle, polyplacophore",0.9980255365371704,color_black,Color-LIME — Black,1000,256,256,245,25,49,0.09606186224489796,0.18297592474489796,53,0.2,0.20091278698979592,0.3826542794704437,126,0.6153712570667267,1,0.39138299375108165,5.653495230898261
19,18,116,"chiton, coat-of-mail shell, sea cradle, polyplacophore",116,"chiton, coat-of-mail shell, sea cradle, polyplacophore",0.9980255365371704,structure_fixed,Color-LIME — Structure-Preserving Fixed,1000,256,256,216,22,44,0.07985889668367346,0.16904496173469388,54,0.2,0.2030652104591837,0.005822008475661278,111,0.9922035280615091,1,0.33945850224038954,5.650921867415309
19,18,116,"chiton, coat-of-mail shell, sea cradle, polyplacophore",116,"chiton, coat-of-mail shell, sea cradle, polyplacophore",0.9980255365371704,structure_fresh,Color-LIME — Structure-Preserving Fresh,1000,256,256,243,25,49,0.09779575892857142,0.1866031568877551,54,0.2,0.20368303571428573,0.3923807740211487,116,0.6056447625160217,0,0.39629298217879616,5.650588632747531
19,18,116,"chiton, coat-of-mail shell, sea cradle, polyplacophore",116,"chiton, coat-of-mail shell, sea cradle, polyplacophore",0.9980255365371704,independent_fixed,Color-LIME — Independent-Color Fixed,1000,256,256,243,25,49,0.09552375637755102,0.1898517219387755,52,0.2,0.2049984056122449,0.07210712134838104,126,0.9259184151887894,1,0.4117412207895621,5.6511044196784495
19,18,116,"chiton, coat-of-mail shell, sea cradle, polyplacophore",116,"chiton, coat-of-mail shell, sea cradle, polyplacophore",0.9980255365371704,independent_fresh,Color-LIME — Independent-Color Fresh,1000,256,256,243,25,49,0.09749681122448979,0.1856066645408163,55,0.2,0.2028858418367347,0.4091463088989258,126,0.5888792276382446,1,0.39747587352349933,5.65095570795238
20,19,817,"sports car, sport car",817,"sports car, sport car",0.8357841968536377,default_lime,Default LIME,1000,,40,27,3,6,0.1311981823979592,0.24695073341836735,5,0.2,0.2207828443877551,0.09392640739679337,511,0.7418577894568443,1,0.5033227602888162,4.415481224656105
20,19,817,"sports car, sport car",817,"sports car, sport car",0.8357841968536377,color_black,Color-LIME — Black,1000,256,256,177,18,36,0.046556122448979595,0.13185586734693877,56,0.2,0.2077686543367347,0.07227567583322525,751,0.7635085210204124,1,0.4674846317648035,5.205105680972338
20,19,817,"sports car, sport car",817,"sports car, sport car",0.8357841968536377,structure_fixed,Color-LIME — Structure-Preserving Fixed,1000,256,256,176,18,36,0.08964445153061225,0.1592594068877551,45,0.2,0.2022082270408163,0.05649420619010925,751,0.7792899906635284,1,0.5720464271806462,5.203140525147319
20,19,817,"sports car, sport car",817,"sports car, sport car",0.8357841968536377,structure_fresh,Color-LIME — Structure-Preserving Fresh,1000,256,256,172,18,35,0.10423309948979592,0.18052455357142858,42,0.2,0.20842633928571427,0.1807885766029358,751,0.6549956202507019,1,0.3878853134730522,5.20308493450284
20,19,817,"sports car, sport car",817,"sports car, sport car",0.8357841968536377,independent_fixed,Color-LIME — Independent-Color Fixed,1000,256,256,173,18,35,0.10511001275510204,0.1914859693877551,38,0.2,0.20039461096938777,0.1970762461423874,751,0.6387079507112503,1,0.612408062248512,5.20310715213418
20,19,817,"sports car, sport car",817,"sports car, sport car",0.8357841968536377,independent_fresh,Color-LIME — Independent-Color Fresh,1000,256,256,175,18,35,0.13767538265306123,0.20380261479591838,33,0.2,0.2000358737244898,0.17306341230869293,751,0.6627207845449448,1,0.5670325461048715,5.203055094927549
21,20,642,"marimba, xylophone",642,"marimba, xylophone",0.9986214637756348,default_lime,Default LIME,1000,,35,20,2,4,0.09470663265306123,0.14387356505102042,8,0.2,0.26998963647959184,0.001119940890930593,579,0.9975015228847042,1,0.8030201511824931,4.289245055988431
21,20,642,"marimba, xylophone",642,"marimba, xylophone",0.9986214637756348,color_black,Color-LIME — Black,1000,256,256,237,24,48,0.09105947066326531,0.19064891581632654,51,0.2,0.20015545280612246,0.0016790603986009955,741,0.9969424033770338,1,0.3960477363249252,5.246521450206638
21,20,642,"marimba, xylophone",642,"marimba, xylophone",0.9986214637756348,structure_fixed,Color-LIME — Structure-Preserving Fixed,1000,256,256,190,19,38,0.1443718112244898,0.2852359693877551,25,0.2,0.20047433035714285,0.0022808124776929617,749,0.9963406512979418,1,0.3554434957152226,5.2448122255504135
21,20,642,"marimba, xylophone",642,"marimba, xylophone",0.9986214637756348,structure_fresh,Color-LIME — Structure-Preserving Fresh,1000,256,256,232,24,47,0.1307796556122449,0.2802734375,36,0.2,0.20310507015306123,0.004655808676034212,749,0.9939656550996006,1,0.38614159358701095,5.245321238040924
21,20,642,"marimba, xylophone",642,"marimba, xylophone",0.9986214637756348,independent_fixed,Color-LIME — Independent-Color Fixed,1000,256,256,243,25,49,0.1444515306122449,0.23877949617346939,47,0.2,0.20422114158163265,0.0008282781927846372,917,0.9977931855828501,1,0.40828644184516993,5.245310328528285
21,20,642,"marimba, xylophone",642,"marimba, xylophone",0.9986214637756348,independent_fresh,Color-LIME — Independent-Color Fresh,1000,256,256,241,25,49,0.12201052295918367,0.2251873405612245,46,0.2,0.20232780612244897,0.0018043650779873133,917,0.9968170986976475,1,0.40613675895778745,5.245476679503918
22,21,327,"starfish, sea star",327,"starfish, sea star",0.9991065859794617,default_lime,Default LIME,1000,,33,27,3,6,0.2400749362244898,0.2971340880102041,3,0.2,0.2400749362244898,0.976303219795227,327,0.02280336618423462,0,0.3384828269415243,4.333138559013605
22,21,327,"starfish, sea star",327,"starfish, sea star",0.9991065859794617,color_black,Color-LIME — Black,1000,256,256,134,14,27,0.036810427295918366,0.09107940051020408,60,0.2,0.2059749681122449,0.7838446497917175,327,0.21526193618774414,0,0.30117143370185917,5.450747074559331
22,21,327,"starfish, sea star",327,"starfish, sea star",0.9991065859794617,structure_fixed,Color-LIME — Structure-Preserving Fixed,1000,256,256,138,14,28,0.047771843112244895,0.09725765306122448,60,0.2,0.20212850765306123,0.9976480603218079,327,0.0014585256576538086,0,0.4099930002718176,5.448530117049813
22,21,327,"starfish, sea star",327,"starfish, sea star",0.9991065859794617,structure_fresh,Color-LIME — Structure-Preserving Fresh,1000,256,256,142,15,29,0.06273915816326531,0.12298708545918367,48,0.2,0.20701132015306123,0.994748055934906,327,0.004358530044555664,0,0.32356049684580046,5.448392489925027
22,21,327,"starfish, sea star",327,"starfish, sea star",0.9991065859794617,independent_fixed,Color-LIME — Independent-Color Fixed,1000,256,256,155,16,31,0.0733219068877551,0.13073979591836735,46,0.2,0.20364317602040816,0.9963381290435791,327,0.0027684569358825684,0,0.4820814051074227,5.447697537019849
22,21,327,"starfish, sea star",327,"starfish, sea star",0.9991065859794617,independent_fresh,Color-LIME — Independent-Color Fresh,1000,256,256,156,16,32,0.06495137117346939,0.1321747448979592,46,0.2,0.2002551020408163,0.9988217949867249,327,0.0002847909927368164,0,0.3869268410000355,5.447646927088499
23,22,995,earthstar,995,earthstar,0.9998441934585571,default_lime,Default LIME,1000,,44,30,3,6,0.09299266581632654,0.1366589604591837,10,0.2,0.22401147959183673,0.9994469285011292,995,0.0003972649574279785,0,0.02417059135400823,4.5255809109658
23,22,995,earthstar,995,earthstar,0.9998441934585571,color_black,Color-LIME — Black,1000,256,256,160,16,32,0.053591358418367346,0.10528938137755102,62,0.2,0.20079320790816327,0.4356932044029236,995,0.5641509890556335,0,0.48056768261284444,5.380437173321843
23,22,995,earthstar,995,earthstar,0.9998441934585571,structure_fixed,Color-LIME — Structure-Preserving Fixed,1000,256,256,215,22,43,0.13719706632653061,0.2376434948979592,35,0.2,0.21139588647959184,0.9996508359909058,995,0.0001933574676513672,0,0.4818933426451023,5.378296235948801
23,22,995,earthstar,995,earthstar,0.9998441934585571,structure_fresh,Color-LIME — Structure-Preserving Fresh,1000,256,256,194,20,39,0.1414421237244898,0.2323620854591837,35,0.2,0.20009566326530612,0.9996453523635864,995,0.00019884109497070312,0,0.36165499446306515,5.378235496953129
23,22,995,earthstar,995,earthstar,0.9998441934585571,independent_fixed,Color-LIME — Independent-Color Fixed,1000,256,256,168,17,34,0.1360809948979592,0.2284558354591837,27,0.2,0.20017538265306123,0.9997054934501648,995,0.00013870000839233398,0,0.5418428894775047,5.378060428798198
23,22,995,earthstar,995,earthstar,0.9998441934585571,independent_fresh,Color-LIME — Independent-Color Fresh,1000,256,256,181,19,37,0.16874601403061223,0.2645687181122449,25,0.2,0.20047433035714285,0.9997088313102722,995,0.0001353621482849121,0,0.4219281264095821,5.37817652747035
24,23,87,"African grey, African gray, Psittacus erithacus",87,"African grey, African gray, Psittacus erithacus",0.9993280172348022,default_lime,Default LIME,1000,,42,16,2,4,0.10054607780612244,0.1415218431122449,7,0.2,0.22267617984693877,0.003274844028055668,749,0.9960531732067466,1,0.6809684626971082,4.496816819533706
24,23,87,"African grey, African gray, Psittacus erithacus",87,"African grey, African gray, Psittacus erithacus",0.9993280172348022,color_black,Color-LIME — Black,1000,256,256,247,25,50,0.11092952806122448,0.1711375956632653,57,0.2,0.20045440051020408,4.469263512874022e-05,594,0.9992833245996735,1,0.43135532634806906,5.173257584124803
24,23,87,"African grey, African gray, Psittacus erithacus",87,"African grey, African gray, Psittacus erithacus",0.9993280172348022,structure_fixed,Color-LIME — Structure-Preserving Fixed,1000,256,256,245,25,49,0.08936543367346939,0.1691047512755102,58,0.2,0.20802774234693877,0.000289138057269156,824,0.9990388791775331,1,0.4309456464321837,5.171358893066644
24,23,87,"African grey, African gray, Psittacus erithacus",87,"African grey, African gray, Psittacus erithacus",0.9993280172348022,structure_fresh,Color-LIME — Structure-Preserving Fresh,1000,256,256,245,25,49,0.09028220663265306,0.16944355867346939,58,0.2,0.2053172831632653,0.0003070657839998603,594,0.9990209514508024,1,0.4309725017779834,5.17120606303215
24,23,87,"African grey, African gray, Psittacus erithacus",87,"African grey, African gray, Psittacus erithacus",0.9993280172348022,independent_fixed,Color-LIME — Independent-Color Fixed,1000,256,256,245,25,49,0.0897640306122449,0.16944355867346939,58,0.2,0.2053172831632653,0.0003070657839998603,594,0.9990209514508024,1,0.4304565905428601,5.171178894490003
24,23,87,"African grey, African gray, Psittacus erithacus",87,"African grey, African gray, Psittacus erithacus",0.9993280172348022,independent_fresh,Color-LIME — Independent-Color Fresh,1000,256,256,246,25,50,0.08936543367346939,0.17109773596938777,56,0.2,0.2008330676020408,4.171515320194885e-05,594,0.9992863020816003,1,0.43020875966370287,5.171523508056998
25,24,965,burrito,965,burrito,0.9990574717521667,default_lime,Default LIME,1000,,35,20,2,4,0.16045519770408162,0.20778858418367346,4,0.2,0.20778858418367346,0.9023573398590088,965,0.09670013189315796,0,0.5186125574823877,4.406267078593373
25,24,965,burrito,965,burrito,0.9990574717521667,color_black,Color-LIME — Black,1000,256,256,247,25,50,0.11593191964285714,0.19754464285714285,51,0.2,0.20029496173469388,0.10768979787826538,859,0.8913676738739014,1,0.4216668927853918,5.265224196761847
25,24,965,burrito,965,burrito,0.9990574717521667,structure_fixed,Color-LIME — Structure-Preserving Fixed,1000,256,256,246,25,50,0.11375956632653061,0.18781887755102042,55,0.2,0.20047433035714285,0.0020798672921955585,942,0.9969776044599712,1,0.4170448397099069,5.263352078199387
25,24,965,burrito,965,burrito,0.9990574717521667,structure_fresh,Color-LIME — Structure-Preserving Fresh,1000,256,256,245,25,49,0.11375956632653061,0.18913424744897958,55,0.2,0.20001594387755103,0.02072606049478054,859,0.9783314112573862,1,0.41678412569795475,5.263492590561509
25,24,965,burrito,965,burrito,0.9990574717521667,independent_fixed,Color-LIME — Independent-Color Fixed,1000,256,256,244,25,49,0.1014827806122449,0.19212372448979592,53,0.2,0.20204878826530612,0.0015688465209677815,859,0.997488625231199,1,0.43965208770703046,5.263346788287163
25,24,965,burrito,965,burrito,0.9990574717521667,independent_fresh,Color-LIME — Independent-Color Fresh,1000,256,256,239,24,48,0.10070551658163265,0.21462452168367346,44,0.2,0.20563616071428573,0.6888638734817505,965,0.31019359827041626,0,0.4251495052985891,5.263574854284525
26,25,267,standard poodle,267,standard poodle,0.98826003074646,default_lime,Default LIME,1000,,37,28,3,6,0.09791533801020408,0.1711375956632653,7,0.2,0.2119738520408163,0.15423645079135895,265,0.834023579955101,1,0.6324180193360003,4.412581352517009
26,25,267,standard poodle,267,standard poodle,0.98826003074646,color_black,Color-LIME — Black,1000,256,256,150,15,30,0.06895727040816327,0.13137755102040816,53,0.2,0.20153061224489796,0.05574201047420502,221,0.9325180202722549,1,0.5975970845142656,5.4301917716860775
26,25,267,standard poodle,267,standard poodle,0.98826003074646,structure_fixed,Color-LIME — Structure-Preserving Fixed,1000,256,256,204,21,41,0.08727279974489796,0.16318558673469388,52,0.2,0.20087292729591838,0.9119554758071899,267,0.07630455493927002,0,0.35557812630455443,5.428454804793001
26,25,267,standard poodle,267,standard poodle,0.98826003074646,structure_fresh,Color-LIME — Structure-Preserving Fresh,1000,256,256,171,18,35,0.05678013392857143,0.12189094387755102,53,0.2,0.20067362882653061,0.9855474233627319,267,0.0027126073837280273,0,0.3144294728396486,5.428140930458904
26,25,267,standard poodle,267,standard poodle,0.98826003074646,independent_fixed,Color-LIME — Independent-Color Fixed,1000,256,256,170,17,34,0.09763632015306123,0.18199936224489796,41,0.2,0.20137117346938777,0.9308005571365356,267,0.057459473609924316,0,0.3950144128906442,5.428082942590118
26,25,267,standard poodle,267,standard poodle,0.98826003074646,independent_fresh,Color-LIME — Independent-Color Fresh,1000,256,256,183,19,37,0.09974888392857142,0.15752551020408162,48,0.2,0.20354352678571427,0.014797842130064964,288,0.973462188616395,1,0.40201266433729566,5.428082488104701
27,26,977,"sandbar, sand bar",977,"sandbar, sand bar",0.9577581286430359,default_lime,Default LIME,1000,,33,24,3,5,0.1749641262755102,0.2228156887755102,5,0.2,0.2228156887755102,0.0015931064262986183,980,0.9561650222167373,1,0.7908060589952969,4.2847251538187265
27,26,977,"sandbar, sand bar",977,"sandbar, sand bar",0.9577581286430359,color_black,Color-LIME — Black,1000,256,256,208,21,42,0.0731624681122449,0.15375876913265307,55,0.2,0.20131138392857142,0.005412180442363024,980,0.9523459482006729,1,0.40410953035401087,5.208742853999138
27,26,977,"sandbar, sand bar",977,"sandbar, sand bar",0.9577581286430359,structure_fixed,Color-LIME — Structure-Preserving Fixed,1000,256,256,238,24,48,0.09357063137755102,0.1964485012755102,49,0.2,0.2031847895408163,0.05345792695879936,978,0.9043002016842365,1,0.4441880310070312,5.2074865333735945
27,26,977,"sandbar, sand bar",977,"sandbar, sand bar",0.9577581286430359,structure_fresh,Color-LIME — Structure-Preserving Fresh,1000,256,256,241,25,49,0.1026187818877551,0.19208386479591838,52,0.2,0.20384247448979592,0.05109917372465134,980,0.9066589549183846,1,0.4552774071126109,5.207891517132521
27,26,977,"sandbar, sand bar",977,"sandbar, sand bar",0.9577581286430359,independent_fixed,Color-LIME — Independent-Color Fixed,1000,256,256,214,22,43,0.08027742346938775,0.14915497448979592,58,0.2,0.20310507015306123,0.3173215687274933,977,0.6404365599155426,0,0.40829241827585827,5.208485216647387
27,26,977,"sandbar, sand bar",977,"sandbar, sand bar",0.9577581286430359,independent_fresh,Color-LIME — Independent-Color Fresh,1000,256,256,212,22,43,0.0809749681122449,0.16637436224489796,51,0.2,0.20045440051020408,0.10300150513648987,913,0.854756623506546,1,0.4065605489105313,5.207036160677672
28,27,989,"hip, rose hip, rosehip",989,"hip, rose hip, rosehip",0.9990532994270325,default_lime,Default LIME,1000,,49,32,4,7,0.12183115433673469,0.1941764987244898,8,0.2,0.21285076530612246,0.9995129108428955,989,0.0,0,0.14514237617869374,4.567578848451376
28,27,989,"hip, rose hip, rosehip",989,"hip, rose hip, rosehip",0.9990532994270325,color_black,Color-LIME — Black,1000,256,256,247,25,50,0.09677933673469388,0.2085857780612245,48,0.2,0.20422114158163265,0.046428974717855453,917,0.952624324709177,1,0.4329216844146121,5.523867337033153
28,27,989,"hip, rose hip, rosehip",989,"hip, rose hip, rosehip",0.9990532994270325,structure_fixed,Color-LIME — Structure-Preserving Fixed,1000,256,256,244,25,49,0.08149314413265306,0.17743542729591838,53,0.2,0.20184948979591838,0.1612534075975418,301,0.8377998918294907,1,0.4348240297693824,5.521911796182394
28,27,989,"hip, rose hip, rosehip",989,"hip, rose hip, rosehip",0.9990532994270325,structure_fresh,Color-LIME — Structure-Preserving Fresh,1000,256,256,225,23,45,0.07587292729591837,0.18468989158163265,51,0.2,0.2002551020408163,0.24075745046138763,989,0.7582958489656448,0,0.368556163253724,5.5220638345927
28,27,989,"hip, rose hip, rosehip",989,"hip, rose hip, rosehip",0.9990532994270325,independent_fixed,Color-LIME — Independent-Color Fixed,1000,256,256,172,18,35,0.059091996173469385,0.11678890306122448,54,0.2,0.20017538265306123,0.004600267857313156,301,0.9944530315697193,1,0.4138079027694592,5.522076226770878
28,27,989,"hip, rose hip, rosehip",989,"hip, rose hip, rosehip",0.9990532994270325,independent_fresh,Color-LIME — Independent-Color Fresh,1000,256,256,185,19,37,0.05863360969387755,0.12886639030612246,57,0.2,0.2019092793367347,0.0043804831802845,301,0.994672816246748,1,0.3910924646066156,5.522029474377632
30,29,800,"slot, one-armed bandit",800,"slot, one-armed bandit",0.9988188147544861,default_lime,Default LIME,1000,,29,22,3,5,0.32364078443877553,0.3639588647959184,1,0.2,0.24366230867346939,0.543158769607544,800,0.45566004514694214,0,0.676374312344302,4.217767080292106
30,29,800,"slot, one-armed bandit",800,"slot, one-armed bandit",0.9988188147544861,color_black,Color-LIME — Black,1000,256,256,186,19,38,0.12418287627551021,0.19090800382653061,39,0.2,0.21408641581632654,0.003197708632797003,580,0.9956211061216891,1,0.40692316275911944,5.431524326279759
30,29,800,"slot, one-armed bandit",800,"slot, one-armed bandit",0.9988188147544861,structure_fixed,Color-LIME — Structure-Preserving Fixed,1000,256,256,173,18,35,0.2600047831632653,0.3251953125,15,0.2,0.25283003826530615,0.9894447922706604,800,0.009374022483825684,0,0.37011648432369915,5.429800559952855
30,29,800,"slot, one-armed bandit",800,"slot, one-armed bandit",0.9988188147544861,structure_fresh,Color-LIME — Structure-Preserving Fresh,1000,256,256,188,19,38,0.24206792091836735,0.3450454400510204,19,0.2,0.24206792091836735,0.9911642670631409,800,0.007654547691345215,0,0.34103191316064874,5.429019731655717
30,29,800,"slot, one-armed bandit",800,"slot, one-armed bandit",0.9988188147544861,independent_fixed,Color-LIME — Independent-Color Fixed,1000,256,256,246,25,50,0.11597177933673469,0.2004344706632653,50,0.2,0.2004344706632653,0.9639410376548767,800,0.034877777099609375,0,0.40724757878503526,5.428345239907503
30,29,800,"slot, one-armed bandit",800,"slot, one-armed bandit",0.9988188147544861,independent_fresh,Color-LIME — Independent-Color Fresh,1000,256,256,242,25,49,0.13014190051020408,0.2042610012755102,47,0.2,0.20169005102040816,0.9978958368301392,800,0.0009229779243469238,0,0.4007895527616222,5.42821308709681
31,30,905,window shade,905,window shade,0.9741747379302979,default_lime,Default LIME,1000,,32,22,3,5,0.2904575892857143,0.35803970025510207,2,0.2,0.20260682397959184,0.9472325444221497,905,0.026942193508148193,0,0.7747636535611454,4.274422090500593
31,30,905,window shade,905,window shade,0.9741747379302979,color_black,Color-LIME — Black,1000,256,256,216,22,44,0.08783083545918367,0.17980707908163265,50,0.2,0.20210857780612246,0.011830893345177174,583,0.9623438445851207,1,0.3937523345881405,5.477519775182008
31,30,905,window shade,905,window shade,0.9741747379302979,structure_fixed,Color-LIME — Structure-Preserving Fixed,1000,256,256,179,18,36,0.07674984056122448,0.1475207270408163,51,0.2,0.20595503826530612,5.122588845551945e-05,410,0.9741235120418423,1,0.4105176275289696,5.475601984560489
31,30,905,window shade,905,window shade,0.9741747379302979,structure_fresh,Color-LIME — Structure-Preserving Fresh,1000,256,256,188,19,38,0.07965959821428571,0.14775988520408162,48,0.2,0.20485889668367346,0.06865843385457993,881,0.9055163040757179,1,0.36628458514714857,5.475481348484754
31,30,905,window shade,905,window shade,0.9741747379302979,independent_fixed,Color-LIME — Independent-Color Fixed,1000,256,256,178,18,36,0.08374521683673469,0.15314094387755103,50,0.2,0.2005341198979592,0.012056860141456127,492,0.9621178777888417,1,0.36678111484277864,5.47535979039967
31,30,905,window shade,905,window shade,0.9741747379302979,independent_fresh,Color-LIME — Independent-Color Fresh,1000,256,256,194,20,39,0.08880739795918367,0.15164620535714285,52,0.2,0.21320950255102042,0.020866630598902702,881,0.9533081073313951,1,0.3566801516871613,5.475369155779481
32,31,124,"crayfish, crawfish, crawdad, crawdaddy",124,"crayfish, crawfish, crawdad, crawdaddy",0.6875589489936829,default_lime,Default LIME,1000,,42,25,3,5,0.10897640306122448,0.2004344706632653,5,0.2,0.2004344706632653,0.5024980306625366,124,0.18506091833114624,0,0.5608166712506357,4.56710023060441
32,31,124,"crayfish, crawfish, crawdad, crawdaddy",124,"crayfish, crawfish, crawdad, crawdaddy",0.6875589489936829,color_black,Color-LIME — Black,1000,256,256,143,15,29,0.024214764030612245,0.06148357780612245,75,0.2,0.2019889987244898,0.004017035011202097,119,0.6835419139824808,1,0.4173947565181949,5.510163938254118
32,31,124,"crayfish, crawfish, crawdad, crawdaddy",124,"crayfish, crawfish, crawdad, crawdaddy",0.6875589489936829,structure_fixed,Color-LIME — Structure-Preserving Fixed,1000,256,256,172,18,35,0.1576251594387755,0.22435028698979592,33,0.2,0.21301020408163265,0.6638076305389404,124,0.02375131845474243,0,0.4296890685503876,5.508126047998667
32,31,124,"crayfish, crawfish, crawdad, crawdaddy",124,"crayfish, crawfish, crawdad, crawdaddy",0.6875589489936829,structure_fresh,Color-LIME — Structure-Preserving Fresh,1000,256,256,172,18,35,0.16175063775510204,0.24135044642857142,29,0.2,0.20595503826530612,0.6864210963249207,124,0.001137852668762207,0,0.41961801368835416,5.508109623193741
32,31,124,"crayfish, crawfish, crawdad, crawdaddy",124,"crayfish, crawfish, crawdad, crawdaddy",0.6875589489936829,independent_fixed,Color-LIME — Independent-Color Fixed,1000,256,256,182,19,37,0.14610570790816327,0.23292012117346939,30,0.2,0.20073341836734693,0.6486989855766296,124,0.03885996341705322,0,0.41868265065565236,5.508249705284834
32,31,124,"crayfish, crawfish, crawdad, crawdaddy",124,"crayfish, crawfish, crawdad, crawdaddy",0.6875589489936829,independent_fresh,Color-LIME — Independent-Color Fresh,1000,256,256,184,19,37,0.20752949617346939,0.26151945153061223,19,0.2,0.20752949617346939,0.6761282682418823,124,0.011430680751800537,0,0.4227125708741064,5.508816368505359
33,32,541,"drum, membranophone, tympan",541,"drum, membranophone, tympan",0.9312481880187988,default_lime,Default LIME,1000,,31,21,3,5,0.18345424107142858,0.30026307397959184,4,0.2,0.20952248086734693,0.7860739231109619,541,0.14517426490783691,0,0.5670590518183134,4.241295162588358
33,32,541,"drum, membranophone, tympan",541,"drum, membranophone, tympan",0.9312481880187988,color_black,Color-LIME — Black,1000,256,256,207,21,42,0.06501116071428571,0.11828364158163265,63,0.2,0.2012316645408163,0.07528900355100632,827,0.8559591844677925,1,0.36923892840727257,5.4346073068678376
33,32,541,"drum, membranophone, tympan",541,"drum, membranophone, tympan",0.9312481880187988,structure_fixed,Color-LIME — Structure-Preserving Fixed,1000,256,256,179,18,36,0.07114955357142858,0.15479512117346939,50,0.2,0.20188934948979592,0.8733324408531189,541,0.05791574716567993,0,0.4049822086713728,5.434058191627264
33,32,541,"drum, membranophone, tympan",541,"drum, membranophone, tympan",0.9312481880187988,structure_fresh,Color-LIME — Structure-Preserving Fresh,1000,256,256,170,17,34,0.06578842474489796,0.1344268176020408,55,0.2,0.2037627551020408,0.7967256307601929,541,0.13452255725860596,0,0.3867596077833031,5.4340131808072325
33,32,541,"drum, membranophone, tympan",541,"drum, membranophone, tympan",0.9312481880187988,independent_fixed,Color-LIME — Independent-Color Fixed,1000,256,256,198,20,40,0.07792570153061225,0.1701610331632653,49,0.2,0.20119180484693877,0.9409703612327576,541,0.0,0,0.38745236943162764,5.434329757839441
33,32,541,"drum, membranophone, tympan",541,"drum, membranophone, tympan",0.9312481880187988,independent_fresh,Color-LIME — Independent-Color Fresh,1000,256,256,190,19,38,0.08107461734693877,0.1474011479591837,51,0.2,0.20107222576530612,0.8675855994224548,541,0.063662588596344,0,0.3883215977774115,5.43358708396554
34,33,661,Model T,661,Model T,0.993172824382782,default_lime,Default LIME,1000,,39,27,3,6,0.14080436862244897,0.21936782525510204,6,0.2,0.21936782525510204,0.0012598903849720955,583,0.9919129339978099,1,0.7149896388942143,4.404049007222056
34,33,661,Model T,661,Model T,0.993172824382782,color_black,Color-LIME — Black,1000,256,256,154,16,31,0.05092075892857143,0.09958944515306123,56,0.2,0.20097257653061223,0.05229703709483147,586,0.9408757872879505,1,0.4614708452949433,5.441218870878219
34,33,661,Model T,661,Model T,0.993172824382782,structure_fixed,Color-LIME — Structure-Preserving Fixed,1000,256,256,162,17,33,0.19479432397959184,0.25721460459183676,19,0.2,0.2058155293367347,0.971143901348114,661,0.02202892303466797,0,0.4735562583830121,5.43915166631341
34,33,661,Model T,661,Model T,0.993172824382782,structure_fresh,Color-LIME — Structure-Preserving Fresh,1000,256,256,160,16,32,0.1295440051020408,0.22865513392857142,23,0.2,0.20282605229591838,0.96297287940979,661,0.030199944972991943,0,0.37770432456844816,5.439111025258899
34,33,661,Model T,661,Model T,0.993172824382782,independent_fixed,Color-LIME — Independent-Color Fixed,1000,256,256,154,16,31,0.2061144770408163,0.28720902423469385,15,0.2,0.2025470344387755,0.9762519598007202,661,0.016920864582061768,0,0.47594935005562444,5.438848533853888
34,33,661,Model T,661,Model T,0.993172824382782,independent_fresh,Color-LIME — Independent-Color Fresh,1000,256,256,166,17,34,0.17552216198979592,0.26500717474489793,22,0.2,0.20155054209183673,0.9690253138542175,661,0.024147510528564453,0,0.45989105642765304,5.43883369974792
35,34,112,conch,112,conch,0.9866099953651428,default_lime,Default LIME,1000,,35,20,2,4,0.18650350765306123,0.21079799107142858,4,0.2,0.21079799107142858,0.04636546969413757,616,0.9402445256710052,1,0.5015417225844837,4.329609207808971
35,34,112,conch,112,conch,0.9866099953651428,color_black,Color-LIME — Black,1000,256,256,246,25,50,0.08639588647959184,0.1633250956632653,61,0.2,0.20591517857142858,0.0056159719824790955,288,0.9809940233826637,1,0.4194169629898503,5.0038102775812145
35,34,112,conch,112,conch,0.9866099953651428,structure_fixed,Color-LIME — Structure-Preserving Fixed,1000,256,256,246,25,50,0.07481664540816327,0.16318558673469388,61,0.2,0.2046795280612245,0.002251278841868043,289,0.9843587165232748,1,0.41705179069290466,5.002325272560119
35,34,112,conch,112,conch,0.9866099953651428,structure_fresh,Color-LIME — Structure-Preserving Fresh,1000,256,256,246,25,50,0.07539461096938775,0.1444714604591837,62,0.2,0.20814732142857142,0.004567151889204979,32,0.9820428434759378,1,0.4209252360373489,5.002705781161785
35,34,112,conch,112,conch,0.9866099953651428,independent_fixed,Color-LIME — Independent-Color Fixed,1000,256,256,247,25,50,0.08627630739795919,0.15146683673469388,58,0.2,0.2000358737244898,0.004163319710642099,288,0.9824466756545007,1,0.4196748628596906,5.0022805169224736
35,34,112,conch,112,conch,0.9866099953651428,independent_fresh,Color-LIME — Independent-Color Fresh,1000,256,256,246,25,50,0.08639588647959184,0.17006138392857142,59,0.2,0.20782844387755103,0.006578247062861919,289,0.9800317483022809,1,0.41860916083222777,5.002258671820163
36,35,531,digital watch,531,digital watch,0.9512202739715576,default_lime,Default LIME,1000,,32,18,2,4,0.11322146045918367,0.16466039540816327,6,0.2,0.2365672831632653,0.00032690659281797707,813,0.9508933673787396,1,0.74565686978318,4.318189546465874
36,35,531,digital watch,531,digital watch,0.9512202739715576,color_black,Color-LIME — Black,1000,256,256,128,13,26,0.032884247448979595,0.08711336096938775,65,0.2,0.2003547512755102,0.5380663871765137,531,0.41315388679504395,0,0.4269000513200836,5.292885369807482
36,35,531,digital watch,531,digital watch,0.9512202739715576,structure_fixed,Color-LIME — Structure-Preserving Fixed,1000,256,256,146,15,30,0.09885204081632654,0.17568160076530612,38,0.2,0.20023517219387754,0.8800939917564392,531,0.07112628221511841,0,0.627849759650436,5.2906469881534575
36,35,531,digital watch,531,digital watch,0.9512202739715576,structure_fresh,Color-LIME — Structure-Preserving Fresh,1000,256,256,139,14,28,0.08846859056122448,0.15850207270408162,41,0.2,0.20226801658163265,0.9409809708595276,531,0.01023930311203003,0,0.41573394271883457,5.290584446117282
36,35,531,digital watch,531,digital watch,0.9512202739715576,independent_fixed,Color-LIME — Independent-Color Fixed,1000,256,256,131,14,27,0.09516501913265306,0.1252391581632653,50,0.2,0.20194913903061223,0.8889634013175964,531,0.06225687265396118,0,0.5674652929187998,5.290527680143714
36,35,531,digital watch,531,digital watch,0.9512202739715576,independent_fresh,Color-LIME — Independent-Color Fresh,1000,256,256,141,15,29,0.08647560586734694,0.1317761479591837,44,0.2,0.2021484375,0.6082358956336975,531,0.3429843783378601,0,0.5283901177504048,5.290468207746744
37,36,251,"dalmatian, coach dog, carriage dog",251,"dalmatian, coach dog, carriage dog",0.9961316585540771,default_lime,Default LIME,1000,,34,25,3,5,0.09775589923469388,0.22327407525510204,5,0.2,0.22327407525510204,0.9610230922698975,251,0.03510856628417969,0,0.3469172439529571,4.296383045613766
37,36,251,"dalmatian, coach dog, carriage dog",251,"dalmatian, coach dog, carriage dog",0.9961316585540771,color_black,Color-LIME — Black,1000,256,256,180,18,36,0.056740274234693876,0.13201530612244897,55,0.2,0.20485889668367346,0.005190178751945496,808,0.9909414798021317,1,0.40890472898616526,5.336553839966655
37,36,251,"dalmatian, coach dog, carriage dog",251,"dalmatian, coach dog, carriage dog",0.9961316585540771,structure_fixed,Color-LIME — Structure-Preserving Fixed,1000,256,256,248,25,50,0.07278380102040816,0.1532605229591837,59,0.2,0.20099250637755103,0.006571242585778236,459,0.9895604159682989,1,0.40816964356286023,5.334095111116767
37,36,251,"dalmatian, coach dog, carriage dog",251,"dalmatian, coach dog, carriage dog",0.9961316585540771,structure_fresh,Color-LIME — Structure-Preserving Fresh,1000,256,256,247,25,50,0.07720822704081633,0.15359933035714285,61,0.2,0.20535714285714285,0.0021912953816354275,459,0.9939403631724417,1,0.40401337983717234,5.334089487791061
37,36,251,"dalmatian, coach dog, carriage dog",251,"dalmatian, coach dog, carriage dog",0.9961316585540771,independent_fixed,Color-LIME — Independent-Color Fixed,1000,256,256,208,21,42,0.10419323979591837,0.1712372448979592,50,0.2,0.20471938775510204,0.6476538181304932,251,0.348477840423584,0,0.38976851332956,5.334667103365064
37,36,251,"dalmatian, coach dog, carriage dog",251,"dalmatian, coach dog, carriage dog",0.9961316585540771,independent_fresh,Color-LIME — Independent-Color Fresh,1000,256,256,201,21,41,0.08318718112244898,0.15387834821428573,53,0.2,0.20266661352040816,0.1584453135728836,251,0.8376863449811935,0,0.3787172575377463,5.334899991750717
38,37,495,"china cabinet, china closet",495,"china cabinet, china closet",0.7624312043190002,default_lime,Default LIME,1000,,40,31,4,7,0.16123246173469388,0.22803730867346939,6,0.2,0.21510283801020408,0.15780724585056305,453,0.6046239584684372,1,0.6800025472295224,4.422746630385518
38,37,495,"china cabinet, china closet",495,"china cabinet, china closet",0.7624312043190002,color_black,Color-LIME — Black,1000,256,256,137,14,28,0.11611128826530612,0.17159598214285715,35,0.2,0.20400191326530612,0.15421974658966064,493,0.6082114577293396,1,0.5026603832001884,5.312831227481365
38,37,495,"china cabinet, china closet",495,"china cabinet, china closet",0.7624312043190002,structure_fixed,Color-LIME — Structure-Preserving Fixed,1000,256,256,152,16,31,0.10588727678571429,0.1649593431122449,40,0.2,0.2093231823979592,0.41178232431411743,495,0.3506488800048828,0,0.5336417099891891,5.3102106384933
38,37,495,"china cabinet, china closet",495,"china cabinet, china closet",0.7624312043190002,structure_fresh,Color-LIME — Structure-Preserving Fresh,1000,256,256,156,16,32,0.10979352678571429,0.19676737882653061,33,0.2,0.20477917729591838,0.43503180146217346,495,0.3273994028568268,0,0.3642641193676136,5.310025193542242
38,37,495,"china cabinet, china closet",495,"china cabinet, china closet",0.7624312043190002,independent_fixed,Color-LIME — Independent-Color Fixed,1000,256,256,153,16,31,0.09958944515306123,0.15904017857142858,37,0.2,0.20079320790816327,0.24338769912719727,453,0.519043505191803,1,0.4690293435011915,5.309916167333722
38,37,495,"china cabinet, china closet",495,"china cabinet, china closet",0.7624312043190002,independent_fresh,Color-LIME — Independent-Color Fresh,1000,256,256,172,18,35,0.11694834183673469,0.18116230867346939,42,0.2,0.2015106823979592,0.10426107794046402,453,0.6581701263785362,1,0.4557373621784333,5.309880112111569
39,38,313,"walking stick, walkingstick, stick insect",313,"walking stick, walkingstick, stick insect",0.9917051792144775,default_lime,Default LIME,1000,,39,26,3,6,0.07772640306122448,0.20163026147959184,6,0.2,0.20163026147959184,0.008013144135475159,988,0.9836920350790024,1,0.8108025755083084,4.423286609351635
39,38,313,"walking stick, walkingstick, stick insect",313,"walking stick, walkingstick, stick insect",0.9917051792144775,color_black,Color-LIME — Black,1000,256,256,245,25,49,0.09632095025510204,0.2004344706632653,49,0.2,0.2004344706632653,0.014920966699719429,995,0.9767842125147581,1,0.4270236152606818,5.484572752937675
39,38,313,"walking stick, walkingstick, stick insect",313,"walking stick, walkingstick, stick insect",0.9917051792144775,structure_fixed,Color-LIME — Structure-Preserving Fixed,1000,256,256,233,24,47,0.10443239795918367,0.20051419005102042,47,0.2,0.20051419005102042,0.01045291405171156,995,0.981252265162766,1,0.409317601064078,5.48235271461308
39,38,313,"walking stick, walkingstick, stick insect",313,"walking stick, walkingstick, stick insect",0.9917051792144775,structure_fresh,Color-LIME — Structure-Preserving Fresh,1000,256,256,245,25,49,0.09299266581632654,0.19339923469387754,52,0.2,0.20063376913265307,0.0018144970526918769,995,0.9898906821617857,1,0.4069613622803606,5.482398746162653
39,38,313,"walking stick, walkingstick, stick insect",313,"walking stick, walkingstick, stick insect",0.9917051792144775,independent_fixed,Color-LIME — Independent-Color Fixed,1000,256,256,211,22,43,0.083984375,0.1502311862244898,64,0.2,0.2013313137755102,0.020998291671276093,995,0.9707068875432014,1,0.38117122699084194,5.482408530637622
39,38,313,"walking stick, walkingstick, stick insect",313,"walking stick, walkingstick, stick insect",0.9917051792144775,independent_fresh,Color-LIME — Independent-Color Fresh,1000,256,256,240,24,48,0.09066087372448979,0.1963687818877551,49,0.2,0.20001594387755103,0.03517330065369606,73,0.9565318785607815,1,0.40467335003758675,5.482391601055861
40,39,784,screwdriver,784,screwdriver,0.9933795928955078,default_lime,Default LIME,1000,,42,25,3,5,0.1677295918367347,0.25747369260204084,4,0.2,0.21243223852040816,0.05858807638287544,677,0.9347915165126324,1,0.7440594624898982,4.568285105749965
40,39,784,screwdriver,784,screwdriver,0.9933795928955078,color_black,Color-LIME — Black,1000,256,256,182,19,37,0.07401945153061225,0.1511280293367347,48,0.2,0.2021484375,0.018799781799316406,542,0.9745798110961914,1,0.3285656592976217,5.553795341774821
40,39,784,screwdriver,784,screwdriver,0.9933795928955078,structure_fixed,Color-LIME — Structure-Preserving Fixed,1000,256,256,208,21,42,0.08492107780612244,0.16254783163265307,56,0.2,0.20350366709183673,0.0075743114575743675,491,0.9858052814379334,1,0.3770484987682515,5.552869169414043
40,39,784,screwdriver,784,screwdriver,0.9933795928955078,structure_fresh,Color-LIME — Structure-Preserving Fresh,1000,256,256,190,19,38,0.07354113520408163,0.12733179209183673,51,0.2,0.20338408801020408,0.01941879279911518,814,0.9739608000963926,1,0.31867863665074414,5.553691789880395
40,39,784,screwdriver,784,screwdriver,0.9933795928955078,independent_fixed,Color-LIME — Independent-Color Fixed,1000,256,256,169,17,34,0.0623405612244898,0.1337890625,58,0.2,0.20310507015306123,0.0018397100502625108,491,0.9915398828452453,1,0.43005990607090605,5.553688349574804
40,39,784,screwdriver,784,screwdriver,0.9933795928955078,independent_fresh,Color-LIME — Independent-Color Fresh,1000,256,256,188,19,38,0.07047193877551021,0.13990752551020408,57,0.2,0.20075334821428573,0.15428723394870758,784,0.8390923589468002,0,0.4250823880477068,5.554082731157541
41,40,261,keeshond,261,keeshond,0.9988607168197632,default_lime,Default LIME,1000,,32,14,2,3,0.07589285714285714,0.0979751275510204,7,0.2,0.22165975765306123,0.0010446024825796485,232,0.9978161143371835,1,0.3130900727754654,4.311562376096845
41,40,261,keeshond,261,keeshond,0.9988607168197632,color_black,Color-LIME — Black,1000,256,256,191,20,39,0.10072544642857142,0.17165577168367346,47,0.2,0.21115672831632654,0.000192746811080724,256,0.9986679700086825,1,0.4097989137405046,5.5479302909225225
41,40,261,keeshond,261,keeshond,0.9988607168197632,structure_fixed,Color-LIME — Structure-Preserving Fixed,1000,256,256,176,18,36,0.09853316326530612,0.1906688456632653,38,0.2,0.2003547512755102,0.004220124799758196,233,0.994640592020005,1,0.4490937741358717,5.545724216848612
41,40,261,keeshond,261,keeshond,0.9988607168197632,structure_fresh,Color-LIME — Structure-Preserving Fresh,1000,256,256,159,16,32,0.07621173469387756,0.14937420280612246,49,0.2,0.20089285714285715,0.03511172905564308,256,0.9637489877641201,1,0.34579602277501975,5.545489389449358
41,40,261,keeshond,261,keeshond,0.9988607168197632,independent_fixed,Color-LIME — Independent-Color Fixed,1000,256,256,147,15,30,0.09958944515306123,0.18006616709183673,35,0.2,0.20382254464285715,0.0004421503690537065,197,0.9984185664507095,1,0.6028316599158792,5.545224346220493
41,40,261,keeshond,261,keeshond,0.9988607168197632,independent_fresh,Color-LIME — Independent-Color Fresh,1000,256,256,154,16,31,0.087890625,0.1835140306122449,35,0.2,0.2013313137755102,0.019917741417884827,233,0.9789429754018784,1,0.5536102153611383,5.545241333544254
42,41,973,coral reef,973,coral reef,0.9895834922790527,default_lime,Default LIME,1000,,36,24,3,5,0.14726163903061223,0.24162946428571427,5,0.2,0.24162946428571427,0.9531803727149963,973,0.036403119564056396,0,0.15491554554889952,4.3929632771760225
42,41,973,coral reef,973,coral reef,0.9895834922790527,color_black,Color-LIME — Black,1000,256,256,163,17,33,0.06604751275510204,0.12488042091836735,54,0.2,0.20204878826530612,0.004490446764975786,971,0.985093045514077,1,0.43456335575079974,5.709741086885333
42,41,973,coral reef,973,coral reef,0.9895834922790527,structure_fixed,Color-LIME — Structure-Preserving Fixed,1000,256,256,144,15,29,0.08021763392857142,0.12854751275510204,51,0.2,0.2028858418367347,0.12919892370700836,971,0.8603845685720444,1,0.5375310962897495,5.707410489395261
42,41,973,coral reef,973,coral reef,0.9895834922790527,structure_fresh,Color-LIME — Structure-Preserving Fresh,1000,256,256,153,16,31,0.06863839285714286,0.12496014030612244,50,0.2,0.2053172831632653,0.25408968329429626,611,0.7354938089847565,1,0.40787999751650295,5.707458107918501
42,41,973,coral reef,973,coral reef,0.9895834922790527,independent_fixed,Color-LIME — Independent-Color Fixed,1000,256,256,146,15,30,0.07382015306122448,0.13044084821428573,45,0.2,0.2013313137755102,0.6650179624557495,973,0.3245655298233032,0,0.48256626576603767,5.707703133299947
42,41,973,coral reef,973,coral reef,0.9895834922790527,independent_fresh,Color-LIME — Independent-Color Fresh,1000,256,256,140,14,28,0.061423788265306124,0.12282764668367346,53,0.2,0.2003547512755102,0.8700231909751892,973,0.11956030130386353,0,0.44971191390709,5.707983403652906
44,43,535,"disk brake, disc brake",535,"disk brake, disc brake",0.989449679851532,default_lime,Default LIME,1000,,33,25,3,5,0.12902582908163265,0.21803252551020408,5,0.2,0.21803252551020408,0.6084406971931458,535,0.38100898265838623,0,0.3039836702604575,4.341871416196227
44,43,535,"disk brake, disc brake",535,"disk brake, disc brake",0.989449679851532,color_black,Color-LIME — Black,1000,256,256,159,16,32,0.051458864795918366,0.1045719068877551,57,0.2,0.2015704719387755,0.12137788534164429,479,0.8680717945098877,1,0.480019954353608,5.208333119004965
44,43,535,"disk brake, disc brake",535,"disk brake, disc brake",0.989449679851532,structure_fixed,Color-LIME — Structure-Preserving Fixed,1000,256,256,161,17,33,0.1358219068877551,0.21316964285714285,31,0.2,0.20489875637755103,0.9544693827629089,535,0.03498029708862305,0,0.4761558629087548,5.205877416953444
44,43,535,"disk brake, disc brake",535,"disk brake, disc brake",0.989449679851532,structure_fresh,Color-LIME — Structure-Preserving Fresh,1000,256,256,177,18,36,0.08733258928571429,0.20015545280612246,36,0.2,0.20015545280612246,0.9754400849342346,535,0.014009594917297363,0,0.3849048496454095,5.205939251184463
44,43,535,"disk brake, disc brake",535,"disk brake, disc brake",0.989449679851532,independent_fixed,Color-LIME — Independent-Color Fixed,1000,256,256,176,18,36,0.13944913903061223,0.23905851403061223,30,0.2,0.20521763392857142,0.9868035912513733,535,0.0026460886001586914,0,0.5389323211308278,5.205876468867063
44,43,535,"disk brake, disc brake",535,"disk brake, disc brake",0.989449679851532,independent_fresh,Color-LIME — Independent-Color Fresh,1000,256,256,153,16,31,0.13942920918367346,0.21922831632653061,26,0.2,0.2038624043367347,0.9631731510162354,535,0.02627652883529663,0,0.5251030793089408,5.2060463830828665
46,45,70,"harvestman, daddy longlegs, Phalangium opilio",70,"harvestman, daddy longlegs, Phalangium opilio",0.9984533786773682,default_lime,Default LIME,1000,,42,29,3,6,0.12290736607142858,0.23521205357142858,5,0.2,0.20246731505102042,0.035911187529563904,315,0.9625421911478043,1,0.5768440642826235,4.433037228882313
46,45,70,"harvestman, daddy longlegs, Phalangium opilio",70,"harvestman, daddy longlegs, Phalangium opilio",0.9984533786773682,color_black,Color-LIME — Black,1000,256,256,163,17,33,0.03364158163265306,0.07950015943877552,55,0.2,0.20756935586734693,0.08352016657590866,77,0.9149332121014595,1,0.4611315547016409,5.413713299483061
46,45,70,"harvestman, daddy longlegs, Phalangium opilio",70,"harvestman, daddy longlegs, Phalangium opilio",0.9984533786773682,structure_fixed,Color-LIME — Structure-Preserving Fixed,1000,256,256,238,24,48,0.13129783163265307,0.250179368622449,37,0.2,0.20196906887755103,0.9917078614234924,70,0.006745517253875732,0,0.41198539455427674,5.411694829165936
46,45,70,"harvestman, daddy longlegs, Phalangium opilio",70,"harvestman, daddy longlegs, Phalangium opilio",0.9984533786773682,structure_fresh,Color-LIME — Structure-Preserving Fresh,1000,256,256,214,22,43,0.16033561862244897,0.2841198979591837,31,0.2,0.20406170280612246,0.9975224137306213,70,0.0009309649467468262,0,0.39266917472455876,5.412048375979066
46,45,70,"harvestman, daddy longlegs, Phalangium opilio",70,"harvestman, daddy longlegs, Phalangium opilio",0.9984533786773682,independent_fixed,Color-LIME — Independent-Color Fixed,1000,256,256,182,19,37,0.1884765625,0.25306919642857145,22,0.2,0.20163026147959184,0.9981569647789001,70,0.0002964138984680176,0,0.4525149691566075,5.4136771958321335
46,45,70,"harvestman, daddy longlegs, Phalangium opilio",70,"harvestman, daddy longlegs, Phalangium opilio",0.9984533786773682,independent_fresh,Color-LIME — Independent-Color Fresh,1000,256,256,179,18,36,0.15537308673469388,0.2733777104591837,23,0.2,0.21320950255102042,0.968353807926178,70,0.030099570751190186,0,0.4070877245261312,5.413923281058669
47,46,269,"timber wolf, grey wolf, gray wolf, Canis lupus",269,"timber wolf, grey wolf, gray wolf, Canis lupus",0.6589325070381165,default_lime,Default LIME,1000,,44,25,3,5,0.053631218112244895,0.11479591836734694,9,0.2,0.2051379145408163,0.35733330249786377,269,0.3015992045402527,0,0.5569533131162911,4.558372547850013
47,46,269,"timber wolf, grey wolf, gray wolf, Canis lupus",269,"timber wolf, grey wolf, gray wolf, Canis lupus",0.6589325070381165,color_black,Color-LIME — Black,1000,256,256,243,25,49,0.09239477040816327,0.19989636479591838,50,0.2,0.20204878826530612,7.864853250794113e-05,288,0.6588538585056085,1,0.3987277150790366,5.546030990406871
47,46,269,"timber wolf, grey wolf, gray wolf, Canis lupus",269,"timber wolf, grey wolf, gray wolf, Canis lupus",0.6589325070381165,structure_fixed,Color-LIME — Structure-Preserving Fixed,1000,256,256,192,20,39,0.10106425382653061,0.17936862244897958,46,0.2,0.20075334821428573,0.00016315469110850245,288,0.658769352347008,1,0.38239050689253307,5.544009221345187
47,46,269,"timber wolf, grey wolf, gray wolf, Canis lupus",269,"timber wolf, grey wolf, gray wolf, Canis lupus",0.6589325070381165,structure_fresh,Color-LIME — Structure-Preserving Fresh,1000,256,256,222,23,45,0.09460698341836735,0.1787707270408163,50,0.2,0.20153061224489796,0.0005849167937412858,288,0.6583475902443752,1,0.41017472816231326,5.543766762688756
47,46,269,"timber wolf, grey wolf, gray wolf, Canis lupus",269,"timber wolf, grey wolf, gray wolf, Canis lupus",0.6589325070381165,independent_fixed,Color-LIME — Independent-Color Fixed,1000,256,256,191,20,39,0.0791812818877551,0.14781967474489796,50,0.2,0.20212850765306123,0.00218239426612854,293,0.6567501127719879,1,0.395949317946071,5.54391446299851
47,46,269,"timber wolf, grey wolf, gray wolf, Canis lupus",269,"timber wolf, grey wolf, gray wolf, Canis lupus",0.6589325070381165,independent_fresh,Color-LIME — Independent-Color Fresh,1000,256,256,186,19,38,0.0692562181122449,0.14580676020408162,50,0.2,0.20424107142857142,0.0001958656357601285,293,0.6587366414023563,1,0.43237880569985454,5.543952844664455
48,47,438,beaker,438,beaker,0.47297847270965576,default_lime,Default LIME,1000,,42,20,2,4,0.09119897959183673,0.14225924744897958,8,0.2,0.21217315051020408,0.00021432498760987073,836,0.4727641477220459,1,0.5586542744863396,4.44835021160543
48,47,438,beaker,438,beaker,0.47297847270965576,color_black,Color-LIME — Black,1000,256,256,248,25,50,0.06427375637755102,0.15035076530612246,66,0.2,0.20643335459183673,0.0009712582104839385,643,0.4720072144991718,1,0.4167018935042467,5.378811415657401
48,47,438,beaker,438,beaker,0.47297847270965576,structure_fixed,Color-LIME — Structure-Preserving Fixed,1000,256,256,247,25,50,0.07256457270408163,0.15822305484693877,67,0.2,0.20170998086734693,0.0006299317465163767,643,0.4723485409631394,1,0.41262721958372983,5.37681072615087
48,47,438,beaker,438,beaker,0.47297847270965576,structure_fresh,Color-LIME — Structure-Preserving Fresh,1000,256,256,248,25,50,0.07401945153061225,0.15710698341836735,66,0.2,0.20270647321428573,0.0026689358055591583,643,0.4703095369040966,1,0.41831639761547823,5.376681091636419
48,47,438,beaker,438,beaker,0.47297847270965576,independent_fixed,Color-LIME — Independent-Color Fixed,1000,256,256,247,25,50,0.06481186224489796,0.15798389668367346,63,0.2,0.2010921556122449,0.0007597050862386823,643,0.4722187676234171,1,0.41928436976833716,5.376556726545095
48,47,438,beaker,438,beaker,0.47297847270965576,independent_fresh,Color-LIME — Independent-Color Fresh,1000,256,256,247,25,50,0.0645328443877551,0.15874123086734693,64,0.2,0.20159040178571427,0.0008678439189679921,643,0.47211062879068777,1,0.42139337354043227,5.376563031598925
49,48,558,"flute, transverse flute",558,"flute, transverse flute",0.9975671768188477,default_lime,Default LIME,1000,,34,21,3,5,0.15864158163265307,0.19989636479591838,6,0.2,0.29201211734693877,0.004959939047694206,841,0.9926072377711535,1,0.637392881545372,4.393145294860005
49,48,558,"flute, transverse flute",558,"flute, transverse flute",0.9975671768188477,color_black,Color-LIME — Black,1000,256,256,150,15,30,0.023158482142857144,0.08252949617346939,59,0.2,0.20023517219387754,0.08957169204950333,643,0.9079954847693443,1,0.4683890102996795,5.189613058418035
49,48,558,"flute, transverse flute",558,"flute, transverse flute",0.9975671768188477,structure_fixed,Color-LIME — Structure-Preserving Fixed,1000,256,256,190,19,38,0.054209183673469385,0.12151227678571429,60,0.2,0.2012515943877551,0.009539058431982994,683,0.9880281183868647,1,0.4231754913498913,5.187719925493002
49,48,558,"flute, transverse flute",558,"flute, transverse flute",0.9975671768188477,structure_fresh,Color-LIME — Structure-Preserving Fresh,1000,256,256,165,17,33,0.03842474489795918,0.1067641900510204,52,0.2,0.2030652104591837,0.003212208393961191,585,0.9943549684248865,1,0.3399183692517561,5.187755021452904
49,48,558,"flute, transverse flute",558,"flute, transverse flute",0.9975671768188477,independent_fixed,Color-LIME — Independent-Color Fixed,1000,256,256,181,19,37,0.08514030612244898,0.14024633290816327,53,0.2,0.20400191326530612,0.05000821128487587,875,0.9475589655339718,1,0.43600775526752245,5.1885852117091416
49,48,558,"flute, transverse flute",558,"flute, transverse flute",0.9975671768188477,independent_fresh,Color-LIME — Independent-Color Fresh,1000,256,256,196,20,40,0.09500558035714286,0.17753507653061223,47,0.2,0.2005939094387755,0.06755039840936661,683,0.930016778409481,1,0.4007201700197206,5.1892245069146155
50,49,830,stretcher,830,stretcher,0.5684033632278442,default_lime,Default LIME,1000,,41,17,2,4,0.09213568239795919,0.1482780612244898,6,0.2,0.2039421237244898,0.0005182597669772804,439,0.567885103460867,1,0.6274744431798311,4.420080890879035
50,49,830,stretcher,830,stretcher,0.5684033632278442,color_black,Color-LIME — Black,1000,256,256,148,15,30,0.06451291454081633,0.13725685586734693,42,0.2,0.2058155293367347,0.006228192243725061,879,0.5621751709841192,1,0.3508551644949299,5.492550718039274
50,49,830,stretcher,830,stretcher,0.5684033632278442,structure_fixed,Color-LIME — Structure-Preserving Fixed,1000,256,256,242,25,49,0.08826929209183673,0.1597576530612245,57,0.2,0.20147082270408162,0.032128021121025085,643,0.5362753421068192,1,0.4034686367978345,5.490463534742593
50,49,830,stretcher,830,stretcher,0.5684033632278442,structure_fresh,Color-LIME — Structure-Preserving Fresh,1000,256,256,244,25,49,0.08836894132653061,0.1903698979591837,53,0.2,0.20729033801020408,0.0032002979423850775,643,0.5652030652854592,1,0.40898391248804655,5.49024862088263
50,49,830,stretcher,830,stretcher,0.5684033632278442,independent_fixed,Color-LIME — Independent-Color Fixed,1000,256,256,186,19,38,0.05779655612244898,0.13538345025510204,57,0.2,0.20065369897959184,0.017909130081534386,735,0.5504942331463099,1,0.36847838386447695,5.490135223045945
50,49,830,stretcher,830,stretcher,0.5684033632278442,independent_fresh,Color-LIME — Independent-Color Fresh,1000,256,256,187,19,38,0.055564413265306124,0.10293765943877552,65,0.2,0.20075334821428573,0.0018293749308213592,552,0.5665739882970229,1,0.3416260302134617,5.490154367312789
51,50,569,"garbage truck, dustcart",569,"garbage truck, dustcart",0.9968717694282532,default_lime,Default LIME,1000,,37,26,3,6,0.1546356823979592,0.2870296556122449,4,0.2,0.20790816326530612,0.49627742171287537,569,0.5005943477153778,0,0.36218433510715065,4.359716352075338
51,50,569,"garbage truck, dustcart",569,"garbage truck, dustcart",0.9968717694282532,color_black,Color-LIME — Black,1000,256,256,136,14,28,0.04946588010204082,0.11142777423469388,54,0.2,0.20234773596938777,0.6175838708877563,569,0.3792878985404968,0,0.45512067154130953,5.333298142254352
51,50,569,"garbage truck, dustcart",569,"garbage truck, dustcart",0.9968717694282532,structure_fixed,Color-LIME — Structure-Preserving Fixed,1000,256,256,189,19,38,0.14630500637755103,0.22512755102040816,34,0.2,0.20276626275510204,0.9938212633132935,569,0.003050506114959717,0,0.5102169193146645,5.331304171308875
51,50,569,"garbage truck, dustcart",569,"garbage truck, dustcart",0.9968717694282532,structure_fresh,Color-LIME — Structure-Preserving Fresh,1000,256,256,189,19,38,0.10899633290816327,0.19714604591836735,40,0.2,0.21023995535714285,0.9979884624481201,569,0.0,0,0.39416828048881536,5.331019596382975
51,50,569,"garbage truck, dustcart",569,"garbage truck, dustcart",0.9968717694282532,independent_fixed,Color-LIME — Independent-Color Fixed,1000,256,256,191,20,39,0.1556122448979592,0.23810188137755103,28,0.2,0.20169005102040816,0.7591534852981567,569,0.23771828413009644,0,0.5153881622907241,5.330670652166009
51,50,569,"garbage truck, dustcart",569,"garbage truck, dustcart",0.9968717694282532,independent_fresh,Color-LIME — Independent-Color Fresh,1000,256,256,179,18,36,0.13151705994897958,0.1926219706632653,40,0.2,0.20165019132653061,0.890078604221344,569,0.10679316520690918,0,0.4805734657459523,5.330509738251567
52,51,129,spoonbill,129,spoonbill,0.9977735877037048,default_lime,Default LIME,1000,,35,22,3,5,0.23116629464285715,0.31913663903061223,3,0.2,0.23116629464285715,0.9985753297805786,129,0.0,0,0.11630417900505774,4.318160332739353
52,51,129,spoonbill,129,spoonbill,0.9977735877037048,color_black,Color-LIME — Black,1000,256,256,132,14,27,0.02712452168367347,0.058115433673469385,66,0.2,0.20681202168367346,0.05360274389386177,128,0.9441708438098431,1,0.4950827764753405,5.318675623089075
52,51,129,spoonbill,129,spoonbill,0.9977735877037048,structure_fixed,Color-LIME — Structure-Preserving Fixed,1000,256,256,142,15,29,0.06343670280612244,0.1263751594387755,55,0.2,0.20039461096938777,0.9992153644561768,129,0.0,0,0.5513488014004546,5.316879336535931
52,51,129,spoonbill,129,spoonbill,0.9977735877037048,structure_fresh,Color-LIME — Structure-Preserving Fresh,1000,256,256,161,17,33,0.04629703443877551,0.12474091198979592,50,0.2,0.20497847576530612,0.9990572333335876,129,0.0,0,0.34040086674922465,5.31703790165484
52,51,129,spoonbill,129,spoonbill,0.9977735877037048,independent_fixed,Color-LIME — Independent-Color Fixed,1000,256,256,167,17,34,0.03912228954081633,0.08498086734693877,68,0.2,0.20049426020408162,0.9991945624351501,129,0.0,0,0.5372827476159834,5.316626743227244
52,51,129,spoonbill,129,spoonbill,0.9977735877037048,independent_fresh,Color-LIME — Independent-Color Fresh,1000,256,256,161,17,33,0.04456313775510204,0.10714285714285714,62,0.2,0.20007573341836735,0.9990410208702087,129,0.0,0,0.4965684978911067,5.316647826507688
53,52,46,"green lizard, Lacerta viridis",46,"green lizard, Lacerta viridis",0.8568915724754333,default_lime,Default LIME,1000,,31,20,2,4,0.07053172831632654,0.1740672831632653,5,0.2,0.22765864158163265,0.0012127450900152326,905,0.8556788273854181,1,0.8896820718397604,4.31878712028265
53,52,46,"green lizard, Lacerta viridis",46,"green lizard, Lacerta viridis",0.8568915724754333,color_black,Color-LIME — Black,1000,256,256,175,18,35,0.14893574617346939,0.23686623086734693,25,0.2,0.20139110331632654,0.015400142408907413,917,0.8414914300665259,1,0.4118406318332025,5.064626852422952
53,52,46,"green lizard, Lacerta viridis",46,"green lizard, Lacerta viridis",0.8568915724754333,structure_fixed,Color-LIME — Structure-Preserving Fixed,1000,256,256,184,19,37,0.09903140943877552,0.19264190051020408,40,0.2,0.20021524234693877,0.1372843235731125,311,0.7196072489023209,1,0.4736231368520528,5.062980655953288
53,52,46,"green lizard, Lacerta viridis",46,"green lizard, Lacerta viridis",0.8568915724754333,structure_fresh,Color-LIME — Structure-Preserving Fresh,1000,256,256,180,18,36,0.08199139030612244,0.15850207270408162,46,0.2,0.20583545918367346,0.28935086727142334,40,0.56754070520401,1,0.3411862200054844,5.0628464262932535
53,52,46,"green lizard, Lacerta viridis",46,"green lizard, Lacerta viridis",0.8568915724754333,independent_fixed,Color-LIME — Independent-Color Fixed,1000,256,256,183,19,37,0.1268734056122449,0.2383410395408163,27,0.2,0.2147640306122449,0.0056819012388587,917,0.8512096712365746,1,0.5035675706239084,5.062810263037681
53,52,46,"green lizard, Lacerta viridis",46,"green lizard, Lacerta viridis",0.8568915724754333,independent_fresh,Color-LIME — Independent-Color Fresh,1000,256,256,181,19,37,0.0839046556122449,0.13950892857142858,46,0.2,0.21876992984693877,0.4038165211677551,46,0.4530750513076782,0,0.42883575186991396,5.062589105591178
54,53,60,"night snake, Hypsiglena torquata",60,"night snake, Hypsiglena torquata",0.47941461205482483,default_lime,Default LIME,1000,,38,32,4,7,0.1849689094387755,0.29494180484693877,5,0.2,0.22181919642857142,0.48355183005332947,60,0.0,0,0.5377306219472442,4.400993879884481
54,53,60,"night snake, Hypsiglena torquata",60,"night snake, Hypsiglena torquata",0.47941461205482483,color_black,Color-LIME — Black,1000,256,256,145,15,29,0.1263153698979592,0.2090441645408163,27,0.2,0.20039461096938777,0.08420136570930481,63,0.39521324634552,1,0.6004506654490462,5.250743352994323
54,53,60,"night snake, Hypsiglena torquata",60,"night snake, Hypsiglena torquata",0.47941461205482483,structure_fixed,Color-LIME — Structure-Preserving Fixed,1000,256,256,126,13,26,0.17859135841836735,0.24547592474489796,18,0.2,0.20149075255102042,0.3055102825164795,63,0.17390432953834534,1,0.6859745325872475,5.248286658152938
54,53,60,"night snake, Hypsiglena torquata",60,"night snake, Hypsiglena torquata",0.47941461205482483,structure_fresh,Color-LIME — Structure-Preserving Fresh,1000,256,256,132,14,27,0.17922911352040816,0.24410076530612246,19,0.2,0.2030452806122449,0.3937722444534302,63,0.08564236760139465,1,0.5487549523918396,5.248184045031667
54,53,60,"night snake, Hypsiglena torquata",60,"night snake, Hypsiglena torquata",0.47941461205482483,independent_fixed,Color-LIME — Independent-Color Fixed,1000,256,256,137,14,28,0.15009167729591838,0.2069515306122449,27,0.2,0.20519770408163265,0.3917774260044098,60,0.08763718605041504,0,0.5581043048343892,5.248146058246493
54,53,60,"night snake, Hypsiglena torquata",60,"night snake, Hypsiglena torquata",0.47941461205482483,independent_fresh,Color-LIME — Independent-Color Fresh,1000,256,256,132,14,27,0.17103794642857142,0.2341358418367347,21,0.2,0.20862563775510204,0.3188655376434326,63,0.1605490744113922,1,0.5307256854944091,5.248349986225366
55,54,766,rotisserie,766,rotisserie,0.9998792409896851,default_lime,Default LIME,1000,,44,33,4,7,0.17956792091836735,0.33888711734693877,5,0.2,0.28280452806122447,0.9998251795768738,766,5.40614128112793e-05,0,0.27536956404875335,4.472996788099408
55,54,766,rotisserie,766,rotisserie,0.9998792409896851,color_black,Color-LIME — Black,1000,256,256,160,16,32,0.04653619260204082,0.10485092474489796,65,0.2,0.20294563137755103,0.0031180442310869694,453,0.9967611967585981,1,0.455814379681732,5.517837353050709
55,54,766,rotisserie,766,rotisserie,0.9998792409896851,structure_fixed,Color-LIME — Structure-Preserving Fixed,1000,256,256,242,25,49,0.09227519132653061,0.18664301658163265,52,0.2,0.20264668367346939,0.11097808182239532,930,0.8889011591672897,1,0.41364473116358846,5.5157520566135645
55,54,766,rotisserie,766,rotisserie,0.9998792409896851,structure_fresh,Color-LIME — Structure-Preserving Fresh,1000,256,256,190,19,38,0.05865353954081633,0.13504464285714285,57,0.2,0.2000358737244898,0.0016165043925866485,415,0.9982627365970984,1,0.3622906861953442,5.515606913715601
55,54,766,rotisserie,766,rotisserie,0.9998792409896851,independent_fixed,Color-LIME — Independent-Color Fixed,1000,256,256,178,18,36,0.07190688775510204,0.14016661352040816,48,0.2,0.20105229591836735,0.0625636875629425,930,0.9373155534267426,1,0.5102429348150173,5.515413707122207
55,54,766,rotisserie,766,rotisserie,0.9998792409896851,independent_fresh,Color-LIME — Independent-Color Fresh,1000,256,256,174,18,35,0.09259406887755102,0.15919961734693877,46,0.2,0.2023875956632653,0.14055952429771423,930,0.8593197166919708,1,0.4095724694730134,5.5157189927995205
56,55,191,"Airedale, Airedale terrier",191,"Airedale, Airedale terrier",0.9123678207397461,default_lime,Default LIME,1000,,36,17,2,4,0.13203523596938777,0.17470503826530612,5,0.2,0.20232780612244897,0.009289317764341831,211,0.9030785029754043,1,0.6726729204193582,4.376624131575227
56,55,191,"Airedale, Airedale terrier",191,"Airedale, Airedale terrier",0.9123678207397461,color_black,Color-LIME — Black,1000,256,256,196,20,40,0.06596779336734694,0.14578683035714285,52,0.2,0.20234773596938777,0.0030427644960582256,293,0.9093250562436879,1,0.39641959368189905,5.531409570202231
56,55,191,"Airedale, Airedale terrier",191,"Airedale, Airedale terrier",0.9123678207397461,structure_fixed,Color-LIME — Structure-Preserving Fixed,1000,256,256,243,25,49,0.08448262117346939,0.17783402423469388,56,0.2,0.20465959821428573,0.02351408638060093,163,0.8888537343591452,1,0.4277668878316653,5.5301006503403185
56,55,191,"Airedale, Airedale terrier",191,"Airedale, Airedale terrier",0.9123678207397461,structure_fresh,Color-LIME — Structure-Preserving Fresh,1000,256,256,236,24,48,0.08589764030612244,0.1699816645408163,56,0.2,0.20282605229591838,0.5198701620101929,191,0.3924976587295532,0,0.41547524896557475,5.529427233338356
56,55,191,"Airedale, Airedale terrier",191,"Airedale, Airedale terrier",0.9123678207397461,independent_fixed,Color-LIME — Independent-Color Fixed,1000,256,256,233,24,47,0.08135363520408163,0.17723612882653061,56,0.2,0.20366310586734693,0.07448495179414749,235,0.8378828689455986,1,0.4231087699749293,5.527456418797374
56,55,191,"Airedale, Airedale terrier",191,"Airedale, Airedale terrier",0.9123678207397461,independent_fresh,Color-LIME — Independent-Color Fresh,1000,256,256,235,24,47,0.09153778698979592,0.18275669642857142,53,0.2,0.2022281568877551,0.33916017413139343,235,0.5732076466083527,1,0.419245317759248,5.526981725543737
57,56,553,"file, file cabinet, filing cabinet",553,"file, file cabinet, filing cabinet",0.9984013438224792,default_lime,Default LIME,1000,,41,27,3,6,0.04534040178571429,0.1464046556122449,10,0.2,0.23981584821428573,0.001982462825253606,894,0.9964188809972256,1,0.40761810150042144,4.515381343662739
57,56,553,"file, file cabinet, filing cabinet",553,"file, file cabinet, filing cabinet",0.9984013438224792,color_black,Color-LIME — Black,1000,256,256,239,24,48,0.10704320790816327,0.18369339923469388,52,0.2,0.20364317602040816,0.0036408579908311367,646,0.9947604858316481,1,0.41668373401867687,5.159833111986518
57,56,553,"file, file cabinet, filing cabinet",553,"file, file cabinet, filing cabinet",0.9984013438224792,structure_fixed,Color-LIME — Structure-Preserving Fixed,1000,256,256,238,24,48,0.10580755739795919,0.1888751594387755,52,0.2,0.20244738520408162,0.006610151380300522,478,0.9917911924421787,1,0.41377462653853725,5.157942575588822
57,56,553,"file, file cabinet, filing cabinet",553,"file, file cabinet, filing cabinet",0.9984013438224792,structure_fresh,Color-LIME — Structure-Preserving Fresh,1000,256,256,239,24,48,0.10532924107142858,0.1867625956632653,53,0.2,0.2027861926020408,0.02265171706676483,492,0.9757496267557144,1,0.41625016801296433,5.157794066891074
57,56,553,"file, file cabinet, filing cabinet",553,"file, file cabinet, filing cabinet",0.9984013438224792,independent_fixed,Color-LIME — Independent-Color Fixed,1000,256,256,239,24,48,0.1005062181122449,0.1854671556122449,52,0.2,0.2015106823979592,0.013842662796378136,519,0.9845586810261011,1,0.4126657141061637,5.15765909589827
57,56,553,"file, file cabinet, filing cabinet",553,"file, file cabinet, filing cabinet",0.9984013438224792,independent_fresh,Color-LIME — Independent-Color Fresh,1000,256,256,240,24,48,0.10283801020408163,0.18759964923469388,53,0.2,0.2030452806122449,0.019345324486494064,519,0.9790560193359852,1,0.41449776967616203,5.1577222041785715
58,57,586,half track,586,half track,0.9995917677879333,default_lime,Default LIME,1000,,37,20,2,4,0.08814971301020408,0.1104312818877551,9,0.2,0.20780851403061223,0.09741229563951492,847,0.9021794721484184,1,0.623265762833371,4.4304082579910755
58,57,586,half track,586,half track,0.9995917677879333,color_black,Color-LIME — Black,1000,256,256,134,14,27,0.05703922193877551,0.10580755739795919,52,0.2,0.20655293367346939,0.7750853896141052,586,0.22450637817382812,0,0.32329726981814133,5.352616913616657
58,57,586,half track,586,half track,0.9995917677879333,structure_fixed,Color-LIME — Structure-Preserving Fixed,1000,256,256,145,15,29,0.09157764668367346,0.14204001913265307,43,0.2,0.20137117346938777,0.9980138540267944,586,0.001577913761138916,0,0.6078759754013008,5.350800482556224
58,57,586,half track,586,half track,0.9995917677879333,structure_fresh,Color-LIME — Structure-Preserving Fresh,1000,256,256,147,15,30,0.06483179209183673,0.1379344706632653,49,0.2,0.20266661352040816,0.9989027976989746,586,0.0006889700889587402,0,0.3499636518714465,5.351399268954992
58,57,586,half track,586,half track,0.9995917677879333,independent_fixed,Color-LIME — Independent-Color Fixed,1000,256,256,143,15,29,0.1348254145408163,0.20740991709183673,27,0.2,0.20091278698979592,0.9681938886642456,586,0.031397879123687744,0,0.5318160115146373,5.351523917168379
58,57,586,half track,586,half track,0.9995917677879333,independent_fresh,Color-LIME — Independent-Color Fresh,1000,256,256,162,17,33,0.14662388392857142,0.20912388392857142,31,0.2,0.20196906887755103,0.9946839213371277,586,0.004907846450805664,0,0.4823383056679049,5.351542863994837
60,59,422,barbell,422,barbell,0.9002805352210999,default_lime,Default LIME,1000,,36,27,3,6,0.08681441326530612,0.20300542091836735,6,0.2,0.20300542091836735,0.0223647803068161,256,0.8779157549142838,1,0.7204786391413047,4.6763139721006155
60,59,422,barbell,422,barbell,0.9002805352210999,color_black,Color-LIME — Black,1000,256,256,248,25,50,0.08605707908163265,0.1666533801020408,61,0.2,0.2030652104591837,0.003296199720352888,646,0.896984335500747,1,0.38913948323763736,5.195964059978723
60,59,422,barbell,422,barbell,0.9002805352210999,structure_fixed,Color-LIME — Structure-Preserving Fixed,1000,256,256,247,25,50,0.08605707908163265,0.16091358418367346,61,0.2,0.20186941964285715,0.005456052720546722,830,0.8948244825005531,1,0.38861251921156026,5.1945583309978245
60,59,422,barbell,422,barbell,0.9002805352210999,structure_fresh,Color-LIME — Structure-Preserving Fresh,1000,256,256,247,25,50,0.08605707908163265,0.16091358418367346,61,0.2,0.20186941964285715,0.005456052720546722,830,0.8948244825005531,1,0.38848809281030705,5.193997848033905
60,59,422,barbell,422,barbell,0.9002805352210999,independent_fixed,Color-LIME — Independent-Color Fixed,1000,256,256,247,25,50,0.08605707908163265,0.16091358418367346,61,0.2,0.20186941964285715,0.005456052720546722,830,0.8948244825005531,1,0.3883921889029217,5.192894646152854
60,59,422,barbell,422,barbell,0.9002805352210999,independent_fresh,Color-LIME — Independent-Color Fresh,1000,256,256,247,25,50,0.08338647959183673,0.1608936543367347,61,0.2,0.20186941964285715,0.005456052720546722,830,0.8948244825005531,1,0.38848104344037593,5.1926195967942474
61,60,334,"porcupine, hedgehog",334,"porcupine, hedgehog",0.9898837804794312,default_lime,Default LIME,1000,,34,25,3,5,0.15345982142857142,0.21466438137755103,5,0.2,0.21466438137755103,0.0002983109443448484,9,0.9895854695350863,1,0.7817843623514662,4.447889436036348
61,60,334,"porcupine, hedgehog",334,"porcupine, hedgehog",0.9898837804794312,color_black,Color-LIME — Black,1000,256,256,150,15,30,0.03302375637755102,0.09201610331632654,58,0.2,0.20182955994897958,0.0007823698106221855,289,0.989101410668809,1,0.4321401126982449,5.517437821999192
61,60,334,"porcupine, hedgehog",334,"porcupine, hedgehog",0.9898837804794312,structure_fixed,Color-LIME — Structure-Preserving Fixed,1000,256,256,168,17,34,0.0869140625,0.16252790178571427,45,0.2,0.20326450892857142,0.9975624084472656,334,0.0,0,0.43385819426467087,5.515206414088607
61,60,334,"porcupine, hedgehog",334,"porcupine, hedgehog",0.9898837804794312,structure_fresh,Color-LIME — Structure-Preserving Fresh,1000,256,256,160,16,32,0.06923628826530612,0.12211017219387756,51,0.2,0.20047433035714285,0.994657576084137,334,0.0,0,0.34770621488983244,5.512744673341513
61,60,334,"porcupine, hedgehog",334,"porcupine, hedgehog",0.9898837804794312,independent_fixed,Color-LIME — Independent-Color Fixed,1000,256,256,189,19,38,0.058514030612244895,0.1239437181122449,58,0.2,0.2003547512755102,0.3638623058795929,334,0.6260214745998383,0,0.421641234563341,5.5125819452106954
61,60,334,"porcupine, hedgehog",334,"porcupine, hedgehog",0.9898837804794312,independent_fresh,Color-LIME — Independent-Color Fresh,1000,256,256,189,19,38,0.06626674107142858,0.15204480229591838,52,0.2,0.20063376913265307,0.9227107763290405,334,0.06717300415039062,0,0.3713105677296994,5.512558613717556
62,61,13,"junco, snowbird",13,"junco, snowbird",0.998127281665802,default_lime,Default LIME,1000,,38,23,3,5,0.1498126594387755,0.23154496173469388,4,0.2,0.2128308354591837,0.0005110679194331169,128,0.9976162137463689,1,0.9049070532330012,4.643195642158389
62,61,13,"junco, snowbird",13,"junco, snowbird",0.998127281665802,color_black,Color-LIME — Black,1000,256,256,240,24,48,0.11798469387755102,0.20561623086734693,47,0.2,0.20200892857142858,4.365033964859322e-05,305,0.9980836313261534,1,0.403081053239815,5.692602267488837
62,61,13,"junco, snowbird",13,"junco, snowbird",0.998127281665802,structure_fixed,Color-LIME — Structure-Preserving Fixed,1000,256,256,215,22,43,0.10503029336734694,0.18845663265306123,46,0.2,0.20071348852040816,3.0405914003495127e-05,994,0.9980968757517985,1,0.3682342909348618,5.6903944574296474
62,61,13,"junco, snowbird",13,"junco, snowbird",0.998127281665802,structure_fresh,Color-LIME — Structure-Preserving Fresh,1000,256,256,194,20,39,0.07810507015306123,0.1561902104591837,50,0.2,0.20252710459183673,0.0011808429844677448,82,0.9969464386813343,1,0.3343789520791618,5.690371807664633
62,61,13,"junco, snowbird",13,"junco, snowbird",0.998127281665802,independent_fixed,Color-LIME — Independent-Color Fixed,1000,256,256,162,17,33,0.057736766581632654,0.1192203443877551,53,0.2,0.203125,0.0001817993907025084,995,0.9979454822750995,1,0.3876430515455014,5.690257973968983
62,61,13,"junco, snowbird",13,"junco, snowbird",0.998127281665802,independent_fresh,Color-LIME — Independent-Color Fresh,1000,256,256,160,16,32,0.06020806760204082,0.12284757653061225,52,0.2,0.20087292729591838,0.0007031626882962883,994,0.9974241189775057,1,0.4444059670312983,5.690237438306212
63,62,542,drumstick,542,drumstick,0.9780018925666809,default_lime,Default LIME,1000,,27,18,2,4,0.09771603954081633,0.19941804846938777,5,0.2,0.2817482461734694,0.12120301276445389,542,0.856798879802227,0,0.5012080418015623,4.2840214017778635
63,62,542,drumstick,542,drumstick,0.9780018925666809,color_black,Color-LIME — Black,1000,256,256,194,20,39,0.0628188775510204,0.13743622448979592,60,0.2,0.20127152423469388,0.10415566712617874,541,0.8738462254405022,1,0.4007037691178651,5.352743363007903
63,62,542,drumstick,542,drumstick,0.9780018925666809,structure_fixed,Color-LIME — Structure-Preserving Fixed,1000,256,256,244,25,49,0.06987404336734694,0.16872608418367346,54,0.2,0.2151825573979592,0.35815373063087463,542,0.6198481619358063,0,0.42794261496363706,5.351768411695957
63,62,542,drumstick,542,drumstick,0.9780018925666809,structure_fresh,Color-LIME — Structure-Preserving Fresh,1000,256,256,235,24,47,0.0969985650510204,0.19226323341836735,50,0.2,0.20129145408163265,0.025962647050619125,563,0.9520392455160618,1,0.41375818534719144,5.350066741928458
63,62,542,drumstick,542,drumstick,0.9780018925666809,independent_fixed,Color-LIME — Independent-Color Fixed,1000,256,256,187,19,38,0.0517578125,0.10251913265306123,74,0.2,0.20477917729591838,0.08930937200784683,541,0.8886925205588341,1,0.4034196892005083,5.348543174564838
63,62,542,drumstick,542,drumstick,0.9780018925666809,independent_fresh,Color-LIME — Independent-Color Fresh,1000,256,256,186,19,38,0.05056202168367347,0.1080795599489796,64,0.2,0.20001594387755103,0.3409060835838318,542,0.6370958089828491,0,0.40070586248000584,5.3484423868358135
64,63,190,"Sealyham terrier, Sealyham",190,"Sealyham terrier, Sealyham",0.9864241480827332,default_lime,Default LIME,1000,,36,23,3,5,0.1653778698979592,0.19802295918367346,6,0.2,0.20918367346938777,0.011327322572469711,267,0.9750968255102634,1,0.7733541115227481,4.4360664915293455
64,63,190,"Sealyham terrier, Sealyham",190,"Sealyham terrier, Sealyham",0.9864241480827332,color_black,Color-LIME — Black,1000,256,256,244,25,49,0.07497608418367346,0.18466996173469388,57,0.2,0.20651307397959184,0.001891573192551732,290,0.9845325748901814,1,0.40985164584681844,5.3219435639679435
64,63,190,"Sealyham terrier, Sealyham",190,"Sealyham terrier, Sealyham",0.9864241480827332,structure_fixed,Color-LIME — Structure-Preserving Fixed,1000,256,256,238,24,48,0.09161750637755102,0.19286112882653061,52,0.2,0.20075334821428573,0.008315176703035831,246,0.9781089713796973,1,0.43092288890610264,5.319909402728081
64,63,190,"Sealyham terrier, Sealyham",190,"Sealyham terrier, Sealyham",0.9864241480827332,structure_fresh,Color-LIME — Structure-Preserving Fresh,1000,256,256,245,25,49,0.13331074617346939,0.19445551658163265,51,0.2,0.20069355867346939,0.004818357061594725,183,0.9816057910211384,1,0.42930708765924674,5.319807422906161
64,63,190,"Sealyham terrier, Sealyham",190,"Sealyham terrier, Sealyham",0.9864241480827332,independent_fixed,Color-LIME — Independent-Color Fixed,1000,256,256,246,25,50,0.08583785076530612,0.2023078762755102,50,0.2,0.2023078762755102,0.00815048348158598,183,0.9782736646011472,1,0.44825718582355345,5.319786866754294
64,63,190,"Sealyham terrier, Sealyham",190,"Sealyham terrier, Sealyham",0.9864241480827332,independent_fresh,Color-LIME — Independent-Color Fresh,1000,256,256,243,25,49,0.10371492346938775,0.1706592793367347,61,0.2,0.20095264668367346,0.008910927921533585,202,0.9775132201611996,1,0.44152449601671795,5.321295318752528
65,64,290,"jaguar, panther, Panthera onca, Felis onca",290,"jaguar, panther, Panthera onca, Felis onca",0.8457844853401184,default_lime,Default LIME,1000,,32,21,3,5,0.16091358418367346,0.2371452487244898,5,0.2,0.2371452487244898,0.0004026511451229453,381,0.8453818341949955,1,0.5159496099361937,4.411992831155658
65,64,290,"jaguar, panther, Panthera onca, Felis onca",290,"jaguar, panther, Panthera onca, Felis onca",0.8457844853401184,color_black,Color-LIME — Black,1000,256,256,168,17,34,0.051080197704081634,0.10772082270408163,63,0.2,0.2041812818877551,0.0900532528758049,288,0.7557312324643135,1,0.3480975564949099,5.421513624489307
65,64,290,"jaguar, panther, Panthera onca, Felis onca",290,"jaguar, panther, Panthera onca, Felis onca",0.8457844853401184,structure_fixed,Color-LIME — Structure-Preserving Fixed,1000,256,256,242,25,49,0.10004783163265306,0.19802295918367346,50,0.2,0.20256696428571427,0.022985000163316727,224,0.8227994851768017,1,0.3868979921714618,5.418525159358978
65,64,290,"jaguar, panther, Panthera onca, Felis onca",290,"jaguar, panther, Panthera onca, Felis onca",0.8457844853401184,structure_fresh,Color-LIME — Structure-Preserving Fresh,1000,256,256,242,25,49,0.10014748086734694,0.19806281887755103,50,0.2,0.20009566326530612,0.05910337343811989,384,0.7866811119019985,1,0.39198567427960485,5.418336724862456
65,64,290,"jaguar, panther, Panthera onca, Felis onca",290,"jaguar, panther, Panthera onca, Felis onca",0.8457844853401184,independent_fixed,Color-LIME — Independent-Color Fixed,1000,256,256,247,25,50,0.09943000637755102,0.20212850765306123,50,0.2,0.20212850765306123,0.017579952254891396,219,0.828204533085227,1,0.39264883498914827,5.418049696832895
65,64,290,"jaguar, panther, Panthera onca, Felis onca",290,"jaguar, panther, Panthera onca, Felis onca",0.8457844853401184,independent_fresh,Color-LIME — Independent-Color Fresh,1000,256,256,242,25,49,0.09359056122448979,0.2009327168367347,49,0.2,0.2009327168367347,0.4774840474128723,290,0.3683004379272461,0,0.3903874280734755,5.4181833397597075
66,65,495,"china cabinet, china closet",495,"china cabinet, china closet",0.986085057258606,default_lime,Default LIME,1000,,26,19,2,4,0.0595703125,0.10391422193877552,7,0.2,0.25290975765306123,5.5877986596897244e-05,678,0.9860291792720091,1,0.6076747134415887,4.253660425543785
66,65,495,"china cabinet, china closet",495,"china cabinet, china closet",0.986085057258606,color_black,Color-LIME — Black,1000,256,256,223,23,45,0.10305723852040816,0.16613520408163265,53,0.2,0.20788823341836735,0.009477709420025349,583,0.9766073478385806,1,0.37426973727544055,5.293345434591174
66,65,495,"china cabinet, china closet",495,"china cabinet, china closet",0.986085057258606,structure_fixed,Color-LIME — Structure-Preserving Fixed,1000,256,256,250,25,50,0.09632095025510204,0.18185985331632654,56,0.2,0.20147082270408162,0.5202548503875732,495,0.4658302068710327,0,0.39843958569438376,5.2925501726567745
66,65,495,"china cabinet, china closet",495,"china cabinet, china closet",0.986085057258606,structure_fresh,Color-LIME — Structure-Preserving Fresh,1000,256,256,245,25,49,0.10018734056122448,0.1756218112244898,54,0.2,0.20521763392857142,0.030143536627292633,583,0.9559415206313133,1,0.41342848061130777,5.29305712506175
66,65,495,"china cabinet, china closet",495,"china cabinet, china closet",0.986085057258606,independent_fixed,Color-LIME — Independent-Color Fixed,1000,256,256,247,25,50,0.09568319515306123,0.1719547193877551,60,0.2,0.20332429846938777,0.17289642989635468,495,0.8131886273622513,0,0.40319927574178727,5.290802154690027
66,65,495,"china cabinet, china closet",495,"china cabinet, china closet",0.986085057258606,independent_fresh,Color-LIME — Independent-Color Fresh,1000,256,256,248,25,50,0.07940051020408163,0.1953125,53,0.2,0.20244738520408162,0.7599229216575623,495,0.2261621356010437,0,0.38756856754606717,5.29041600972414
67,66,826,"stopwatch, stop watch",826,"stopwatch, stop watch",0.48330482840538025,default_lime,Default LIME,1000,,33,19,2,4,0.14889588647959184,0.21314971301020408,4,0.2,0.21314971301020408,0.3633180260658264,531,0.11998680233955383,1,0.47042444303238595,4.353716863319278
67,66,826,"stopwatch, stop watch",826,"stopwatch, stop watch",0.48330482840538025,color_black,Color-LIME — Black,1000,256,256,188,19,38,0.11001275510204081,0.12802933673469388,65,0.2,0.20878507653061223,0.0042959945276379585,868,0.4790088338777423,1,0.4293843977051782,4.98250267393887
67,66,826,"stopwatch, stop watch",826,"stopwatch, stop watch",0.48330482840538025,structure_fixed,Color-LIME — Structure-Preserving Fixed,1000,256,256,143,15,29,0.5475526147959183,0.5955436862244898,5,0.2,0.5057995854591837,0.08279332518577576,531,0.4005115032196045,1,0.472270714364031,4.980227128788829
67,66,826,"stopwatch, stop watch",826,"stopwatch, stop watch",0.48330482840538025,structure_fresh,Color-LIME — Structure-Preserving Fresh,1000,256,256,146,15,30,0.5411750637755102,0.5665058992346939,10,0.2,0.5308115433673469,0.056752752512693405,531,0.42655207589268684,1,0.3819207657561985,4.9801361478865145
67,66,826,"stopwatch, stop watch",826,"stopwatch, stop watch",0.48330482840538025,independent_fixed,Color-LIME — Independent-Color Fixed,1000,256,256,139,14,28,0.5611846301020408,0.5920758928571429,2,0.2,0.4913305165816326,0.4840177297592163,826,0.0,0,0.5294571608124033,4.979922120645642
67,66,826,"stopwatch, stop watch",826,"stopwatch, stop watch",0.48330482840538025,independent_fresh,Color-LIME — Independent-Color Fresh,1000,256,256,137,14,28,0.5520966198979592,0.6098134566326531,3,0.2,0.49394132653061223,0.4328036904335022,826,0.05050113797187805,0,0.4914166876523296,4.979892815649509
69,68,664,monitor,664,monitor,0.6522504091262817,default_lime,Default LIME,1000,,39,29,3,6,0.18409199617346939,0.28591358418367346,4,0.2,0.23244180484693877,0.4822351634502411,664,0.17001524567604065,0,0.7478001185777798,4.484717337414622
69,68,664,monitor,664,monitor,0.6522504091262817,color_black,Color-LIME — Black,1000,256,256,157,16,32,0.1477997448979592,0.20310507015306123,31,0.2,0.20041454081632654,0.5970463156700134,664,0.05520409345626831,0,0.4650349768853198,5.325409753620624
69,68,664,monitor,664,monitor,0.6522504091262817,structure_fixed,Color-LIME — Structure-Preserving Fixed,1000,256,256,243,25,49,0.17823262117346939,0.2553810586734694,38,0.2,0.20872528698979592,0.444624125957489,664,0.20762628316879272,0,0.4159638538080114,5.32529998794198
69,68,664,monitor,664,monitor,0.6522504091262817,structure_fresh,Color-LIME — Structure-Preserving Fresh,1000,256,256,179,18,36,0.14700255102040816,0.20555644132653061,34,0.2,0.20286591198979592,0.7002825736999512,664,0.0,0,0.3327913431382731,5.3261907458305355
69,68,664,monitor,664,monitor,0.6522504091262817,independent_fixed,Color-LIME — Independent-Color Fixed,1000,256,256,185,19,37,0.1522640306122449,0.21886957908163265,35,0.2,0.21161511479591838,0.6263914108276367,664,0.02585899829864502,0,0.48799103501473395,5.325929191336035
69,68,664,monitor,664,monitor,0.6522504091262817,independent_fresh,Color-LIME — Independent-Color Fresh,1000,256,256,177,18,36,0.1695232780612245,0.2334781568877551,29,0.2,0.20260682397959184,0.5704716444015503,664,0.08177876472473145,0,0.4799533508989009,5.3264089491218325
70,69,584,hair slide,584,hair slide,0.9703090786933899,default_lime,Default LIME,1000,,25,19,2,4,0.14044563137755103,0.1736686862244898,5,0.2,0.23204320790816327,0.11988657712936401,623,0.8504225015640259,1,0.5458777960367879,4.238793948665261
70,69,584,hair slide,584,hair slide,0.9703090786933899,color_black,Color-LIME — Black,1000,256,256,244,25,49,0.05857382015306122,0.1726921237244898,67,0.2,0.20039461096938777,0.08716665208339691,584,0.883142426609993,0,0.4394830116234262,5.019018782302737
70,69,584,hair slide,584,hair slide,0.9703090786933899,structure_fixed,Color-LIME — Structure-Preserving Fixed,1000,256,256,210,21,42,0.2127311862244898,0.3496890943877551,17,0.2,0.20485889668367346,0.7535531520843506,584,0.2167559266090393,0,0.4410677835376301,5.017304107546806
70,69,584,hair slide,584,hair slide,0.9703090786933899,structure_fresh,Color-LIME — Structure-Preserving Fresh,1000,256,256,192,20,39,0.21747448979591838,0.2690927933673469,16,0.2,0.21404655612244897,0.5162055492401123,584,0.4541035294532776,0,0.3947973519534388,5.0172662902623415
70,69,584,hair slide,584,hair slide,0.9703090786933899,independent_fixed,Color-LIME — Independent-Color Fixed,1000,256,256,227,23,46,0.2080078125,0.3411391900510204,23,0.2,0.2080078125,0.4489564597606659,584,0.521352618932724,0,0.4611563185386123,5.0171411875635386
70,69,584,hair slide,584,hair slide,0.9703090786933899,independent_fresh,Color-LIME — Independent-Color Fresh,1000,256,256,226,23,46,0.25552056760204084,0.3614477040816326,20,0.2,0.25390625,0.8438947200775146,584,0.12641435861587524,0,0.4665173539497337,5.017134362831712
71,70,521,Crock Pot,521,Crock Pot,0.9983322024345398,default_lime,Default LIME,1000,,33,22,3,5,0.1475406568877551,0.22265625,5,0.2,0.22265625,0.3151743412017822,909,0.6831578612327576,1,0.6238411905463815,4.381072390824556
71,70,521,Crock Pot,521,Crock Pot,0.9983322024345398,color_black,Color-LIME — Black,1000,256,256,166,17,34,0.07563376913265306,0.14732142857142858,44,0.2,0.20184948979591838,0.03691818192601204,538,0.9614140205085278,1,0.3784906713359645,5.514572680369019
71,70,521,Crock Pot,521,Crock Pot,0.9983322024345398,structure_fixed,Color-LIME — Structure-Preserving Fixed,1000,256,256,225,23,45,0.11641023596938775,0.23826132015306123,35,0.2,0.20017538265306123,0.0818045362830162,926,0.9165276661515236,1,0.3935283238239059,5.512412248551845
71,70,521,Crock Pot,521,Crock Pot,0.9983322024345398,structure_fresh,Color-LIME — Structure-Preserving Fresh,1000,256,256,231,24,47,0.1153140943877551,0.23222257653061223,41,0.2,0.20145089285714285,0.945956826210022,521,0.05237537622451782,0,0.37156451969901383,5.512408037111163
71,70,521,Crock Pot,521,Crock Pot,0.9983322024345398,independent_fixed,Color-LIME — Independent-Color Fixed,1000,256,256,150,15,30,0.08998325892857142,0.16633450255102042,36,0.2,0.2005341198979592,0.6883057951927185,521,0.3100264072418213,0,0.46782844504612353,5.512315336987376
71,70,521,Crock Pot,521,Crock Pot,0.9983322024345398,independent_fresh,Color-LIME — Independent-Color Fresh,1000,256,256,161,17,33,0.10004783163265306,0.16294642857142858,47,0.2,0.20256696428571427,0.07403949648141861,469,0.9242927059531212,1,0.3533230619587264,5.512366455420851
73,72,593,"harmonica, mouth organ, harp, mouth harp",593,"harmonica, mouth organ, harp, mouth harp",0.9997974038124084,default_lime,Default LIME,1000,,27,20,2,4,0.09209582270408163,0.1845105229591837,5,0.2,0.21141581632653061,0.011902639642357826,748,0.9878947641700506,1,0.5899877935006383,4.284059612080455
73,72,593,"harmonica, mouth organ, harp, mouth harp",593,"harmonica, mouth organ, harp, mouth harp",0.9997974038124084,color_black,Color-LIME — Black,1000,256,256,158,16,32,0.10869738520408163,0.15180564413265307,49,0.2,0.20308514030612246,0.030402477830648422,606,0.96939492598176,1,0.34762719220078275,5.194783749803901
73,72,593,"harmonica, mouth organ, harp, mouth harp",593,"harmonica, mouth organ, harp, mouth harp",0.9997974038124084,structure_fixed,Color-LIME — Structure-Preserving Fixed,1000,256,256,158,16,32,0.09572305484693877,0.13337053571428573,52,0.2,0.20009566326530612,0.9901332855224609,593,0.00966411828994751,0,0.42251306376880615,5.193045704439283
73,72,593,"harmonica, mouth organ, harp, mouth harp",593,"harmonica, mouth organ, harp, mouth harp",0.9997974038124084,structure_fresh,Color-LIME — Structure-Preserving Fresh,1000,256,256,149,15,30,0.06134406887755102,0.1302216198979592,52,0.2,0.20641342474489796,0.9977149963378906,593,0.0020824074745178223,0,0.3119212196007748,5.193268208578229
73,72,593,"harmonica, mouth organ, harp, mouth harp",593,"harmonica, mouth organ, harp, mouth harp",0.9997974038124084,independent_fixed,Color-LIME — Independent-Color Fixed,1000,256,256,167,17,34,0.1406847895408163,0.21277104591836735,31,0.2,0.2044403698979592,0.9973524808883667,593,0.002444922924041748,0,0.4108665442266243,5.193250023573637
73,72,593,"harmonica, mouth organ, harp, mouth harp",593,"harmonica, mouth organ, harp, mouth harp",0.9997974038124084,independent_fresh,Color-LIME — Independent-Color Fresh,1000,256,256,188,19,38,0.11005261479591837,0.2700693558673469,30,0.2,0.20583545918367346,0.9887456297874451,593,0.011051774024963379,0,0.3878732267147468,5.191473328322172
75,74,46,"green lizard, Lacerta viridis",46,"green lizard, Lacerta viridis",0.6385149955749512,default_lime,Default LIME,1000,,39,27,3,6,0.09939014668367346,0.27401546556122447,5,0.2,0.22815688775510204,0.004009678959846497,850,0.6345053166151047,1,0.7790001920575853,4.382315618917346
75,74,46,"green lizard, Lacerta viridis",46,"green lizard, Lacerta viridis",0.6385149955749512,color_black,Color-LIME — Black,1000,256,256,168,17,34,0.05923150510204082,0.12119339923469388,63,0.2,0.2041015625,0.00011092639033449814,917,0.6384040691846167,1,0.40599630356457683,5.270985536649823
75,74,46,"green lizard, Lacerta viridis",46,"green lizard, Lacerta viridis",0.6385149955749512,structure_fixed,Color-LIME — Structure-Preserving Fixed,1000,256,256,238,24,48,0.0745376275510204,0.1302814094387755,73,0.2,0.2150031887755102,0.3570789396762848,39,0.2814360558986664,1,0.42774627684305033,5.2692912392318245
75,74,46,"green lizard, Lacerta viridis",46,"green lizard, Lacerta viridis",0.6385149955749512,structure_fresh,Color-LIME — Structure-Preserving Fresh,1000,256,256,238,24,48,0.08783083545918367,0.1554328762755102,68,0.2,0.20047433035714285,0.11667992174625397,39,0.5218350738286972,1,0.4280037046103202,5.269948043301701
75,74,46,"green lizard, Lacerta viridis",46,"green lizard, Lacerta viridis",0.6385149955749512,independent_fixed,Color-LIME — Independent-Color Fixed,1000,256,256,211,22,43,0.31724330357142855,0.35837850765306123,3,0.2,0.24790736607142858,0.6239815950393677,46,0.014533400535583496,0,0.42092350243244125,5.269595336541533
75,74,46,"green lizard, Lacerta viridis",46,"green lizard, Lacerta viridis",0.6385149955749512,independent_fresh,Color-LIME — Independent-Color Fresh,1000,256,256,206,21,42,0.05253507653061224,0.10776068239795919,78,0.2,0.20143096301020408,0.050270404666662216,39,0.588244590908289,1,0.3704024411405351,5.269485045596957
76,75,409,analog clock,409,analog clock,0.5180141925811768,default_lime,Default LIME,1000,,34,18,2,4,0.11937978316326531,0.15961814413265307,5,0.2,0.2573939732142857,0.0015981867909431458,567,0.5164160057902336,1,0.37823172289900053,4.408191556110978
76,75,409,analog clock,409,analog clock,0.5180141925811768,color_black,Color-LIME — Black,1000,256,256,131,14,27,0.04099569515306122,0.07651068239795919,54,0.2,0.2015106823979592,9.500562737230211e-05,931,0.5179191869538045,1,0.4740431810465442,5.273206776753068
76,75,409,analog clock,409,analog clock,0.5180141925811768,structure_fixed,Color-LIME — Structure-Preserving Fixed,1000,256,256,158,16,32,0.08747209821428571,0.19029017857142858,35,0.2,0.20061383928571427,0.2122105062007904,892,0.30580368638038635,1,0.48578874814998974,5.271749607101083
76,75,409,analog clock,409,analog clock,0.5180141925811768,structure_fresh,Color-LIME — Structure-Preserving Fresh,1000,256,256,160,16,32,0.08446269132653061,0.13893096301020408,41,0.2,0.20392219387755103,0.31612923741340637,892,0.20188495516777039,1,0.4151344027103183,5.272458397597075
76,75,409,analog clock,409,analog clock,0.5180141925811768,independent_fixed,Color-LIME — Independent-Color Fixed,1000,256,256,167,17,34,0.0887874681122449,0.1394889987244898,48,0.2,0.20348373724489796,0.0002391591260675341,931,0.5177750334551092,1,0.42076423474141733,5.27190739735961
76,75,409,analog clock,409,analog clock,0.5180141925811768,independent_fresh,Color-LIME — Independent-Color Fresh,1000,256,256,154,16,31,0.08466198979591837,0.1455676020408163,47,0.2,0.2029655612244898,0.25034046173095703,892,0.2676737308502197,1,0.36758781539515073,5.270719609037042
77,76,692,packet,692,packet,0.9906867146492004,default_lime,Default LIME,1000,,26,17,2,4,0.13877152423469388,0.3143335459183674,3,0.2,0.23497289540816327,0.9511845707893372,692,0.03950214385986328,0,0.6700089453361886,4.159737287089229
77,76,692,packet,692,packet,0.9906867146492004,color_black,Color-LIME — Black,1000,256,256,228,23,46,0.08689413265306123,0.1914859693877551,49,0.2,0.2010921556122449,0.0015609086258336902,748,0.9891258060233667,1,0.43656242585011384,5.27707572132349
77,76,692,packet,692,packet,0.9906867146492004,structure_fixed,Color-LIME — Structure-Preserving Fixed,1000,256,256,192,20,39,0.09103954081632654,0.16565688775510204,55,0.2,0.2056560905612245,0.14076660573482513,748,0.8499201089143753,1,0.43633514223340386,5.2746544074267145
77,76,692,packet,692,packet,0.9906867146492004,structure_fresh,Color-LIME — Structure-Preserving Fresh,1000,256,256,182,19,37,0.10184151785714286,0.15134725765306123,46,0.2,0.2012316645408163,0.19177398085594177,748,0.7989127337932587,1,0.32269104990547126,5.2746734790503975
77,76,692,packet,692,packet,0.9906867146492004,independent_fixed,Color-LIME — Independent-Color Fixed,1000,256,256,161,17,33,0.09036192602040816,0.14433195153061223,43,0.2,0.20382254464285715,0.09841815382242203,459,0.8922685608267784,1,0.43858361377829047,5.2745059136301276
77,76,692,packet,692,packet,0.9906867146492004,independent_fresh,Color-LIME — Independent-Color Fresh,1000,256,256,158,16,32,0.09424824617346939,0.13422751913265307,51,0.2,0.20368303571428573,0.02677101455628872,748,0.9639157000929117,1,0.4573444136011582,5.27463800124824
78,77,332,"Angora, Angora rabbit",332,"Angora, Angora rabbit",0.9995546936988831,default_lime,Default LIME,1000,,40,26,3,6,0.10275829081632654,0.19608976403061223,7,0.2,0.21027981505102042,0.49406930804252625,332,0.5054853856563568,0,0.48539525511053283,4.524915782734752
78,77,332,"Angora, Angora rabbit",332,"Angora, Angora rabbit",0.9995546936988831,color_black,Color-LIME — Black,1000,256,256,198,20,40,0.08041693239795919,0.17380819515306123,47,0.2,0.20250717474489796,0.02631816826760769,251,0.9732365254312754,1,0.40712378727205145,5.635148777812719
78,77,332,"Angora, Angora rabbit",332,"Angora, Angora rabbit",0.9995546936988831,structure_fixed,Color-LIME — Structure-Preserving Fixed,1000,256,256,175,18,35,0.08336654974489796,0.15732621173469388,45,0.2,0.20424107142857142,0.13393715023994446,332,0.8656175434589386,0,0.462569030125195,5.633205476403236
78,77,332,"Angora, Angora rabbit",332,"Angora, Angora rabbit",0.9995546936988831,structure_fresh,Color-LIME — Structure-Preserving Fresh,1000,256,256,189,19,38,0.08209103954081633,0.1678890306122449,46,0.2,0.20685188137755103,0.01257410179823637,611,0.9869805919006467,1,0.36991227390217485,5.633090933039784
78,77,332,"Angora, Angora rabbit",332,"Angora, Angora rabbit",0.9995546936988831,independent_fixed,Color-LIME — Independent-Color Fixed,1000,256,256,181,19,37,0.07680963010204081,0.15375876913265307,49,0.2,0.2011120854591837,0.003935249987989664,611,0.9956194437108934,1,0.36533181891008315,5.63307152800262
78,77,332,"Angora, Angora rabbit",332,"Angora, Angora rabbit",0.9995546936988831,independent_fresh,Color-LIME — Independent-Color Fresh,1000,256,256,181,19,37,0.08358577806122448,0.15913982780612246,49,0.2,0.20087292729591838,0.013687106780707836,251,0.9858675869181752,1,0.3726482419266549,5.634199437871575
79,78,825,stone wall,825,stone wall,0.9774366617202759,default_lime,Default LIME,1000,,38,29,3,6,0.11007254464285714,0.256656568877551,6,0.2,0.256656568877551,0.01380849163979292,336,0.963628170080483,1,0.18820434680570097,4.389417188242078
79,78,825,stone wall,825,stone wall,0.9774366617202759,color_black,Color-LIME — Black,1000,256,256,236,24,48,0.08368542729591837,0.18407206632653061,51,0.2,0.20145089285714285,0.0009506493806838989,514,0.976486012339592,1,0.41355163796262917,5.6526218496263025
79,78,825,stone wall,825,stone wall,0.9774366617202759,structure_fixed,Color-LIME — Structure-Preserving Fixed,1000,256,256,237,24,48,0.08516023596938775,0.18183992346938777,53,0.2,0.20057397959183673,0.0009435115498490632,514,0.9764931501704268,1,0.41264054073770995,5.6507681395858524
79,78,825,stone wall,825,stone wall,0.9774366617202759,structure_fresh,Color-LIME — Structure-Preserving Fresh,1000,256,256,237,24,48,0.08320711096938775,0.18341438137755103,54,0.2,0.20366310586734693,0.0007526035187765956,514,0.9766840582014993,1,0.41208379329996603,5.651016215980053
79,78,825,stone wall,825,stone wall,0.9774366617202759,independent_fixed,Color-LIME — Independent-Color Fixed,1000,256,256,237,24,48,0.08516023596938775,0.18341438137755103,53,0.2,0.20097257653061223,0.0036951431538909674,514,0.9737415185663849,1,0.41261463618140903,5.650759346038103
79,78,825,stone wall,825,stone wall,0.9774366617202759,independent_fresh,Color-LIME — Independent-Color Fresh,1000,256,256,237,24,48,0.08516023596938775,0.18341438137755103,53,0.2,0.2013313137755102,0.002504668664187193,805,0.9749319930560887,1,0.41185874758108043,5.650832691416144
80,79,990,"buckeye, horse chestnut, conker",990,"buckeye, horse chestnut, conker",0.9994921684265137,default_lime,Default LIME,1000,,24,15,2,3,0.09759646045918367,0.12822863520408162,6,0.2,0.27574936224489793,0.9985222220420837,990,0.0009699463844299316,0,0.2844028387609099,4.143720565363765
80,79,990,"buckeye, horse chestnut, conker",990,"buckeye, horse chestnut, conker",0.9994921684265137,color_black,Color-LIME — Black,1000,256,256,207,21,42,0.11507493622448979,0.15443638392857142,53,0.2,0.20340401785714285,0.9748681783676147,990,0.024623990058898926,0,0.382713398268984,4.999261718615889
80,79,990,"buckeye, horse chestnut, conker",990,"buckeye, horse chestnut, conker",0.9994921684265137,structure_fixed,Color-LIME — Structure-Preserving Fixed,1000,256,256,242,25,49,0.11509486607142858,0.29944595025510207,32,0.2,0.20308514030612246,0.9909838438034058,990,0.00850832462310791,0,0.40619886565943286,4.99723732881248
80,79,990,"buckeye, horse chestnut, conker",990,"buckeye, horse chestnut, conker",0.9994921684265137,structure_fresh,Color-LIME — Structure-Preserving Fresh,1000,256,256,231,24,47,0.08603714923469388,0.1793486926020408,52,0.2,0.2117546237244898,0.9698172807693481,990,0.029674887657165527,0,0.4193227887027744,4.997044170647859
80,79,990,"buckeye, horse chestnut, conker",990,"buckeye, horse chestnut, conker",0.9994921684265137,independent_fixed,Color-LIME — Independent-Color Fixed,1000,256,256,238,24,48,0.07824457908163265,0.1823780293367347,55,0.2,0.20017538265306123,0.9974417686462402,990,0.0020503997802734375,0,0.39644700386538945,4.996949559450149
80,79,990,"buckeye, horse chestnut, conker",990,"buckeye, horse chestnut, conker",0.9994921684265137,independent_fresh,Color-LIME — Independent-Color Fresh,1000,256,256,235,24,47,0.07932079081632654,0.16326530612244897,64,0.2,0.20007573341836735,0.05966192111372948,314,0.9398302473127842,1,0.4051041626755195,4.996939361467957
81,80,718,pier,718,pier,0.9135964512825012,default_lime,Default LIME,1000,,34,20,2,4,0.047173947704081634,0.14267777423469388,6,0.2,0.21855070153061223,0.0016972704324871302,505,0.9118991808500141,1,0.5493064766608278,4.395315082743764
81,80,718,pier,718,pier,0.9135964512825012,color_black,Color-LIME — Black,1000,256,256,235,24,47,0.09361049107142858,0.1776546556122449,53,0.2,0.20159040178571427,0.0009726799908094108,698,0.9126237712916918,1,0.4309071411584986,5.462080385908484
81,80,718,pier,718,pier,0.9135964512825012,structure_fixed,Color-LIME — Structure-Preserving Fixed,1000,256,256,243,25,49,0.10817920918367346,0.2136280293367347,47,0.2,0.20677216198979592,0.002563370391726494,698,0.9110330808907747,1,0.4303921424045919,5.45963774472475
81,80,718,pier,718,pier,0.9135964512825012,structure_fresh,Color-LIME — Structure-Preserving Fresh,1000,256,256,220,22,44,0.10516980229591837,0.1848094706632653,49,0.2,0.20497847576530612,0.04545155540108681,698,0.8681448958814144,1,0.4332883736630416,5.459416492283344
81,80,718,pier,718,pier,0.9135964512825012,independent_fixed,Color-LIME — Independent-Color Fixed,1000,256,256,232,24,47,0.12549824617346939,0.20246731505102042,46,0.2,0.2020886479591837,0.06418508291244507,839,0.8494113683700562,1,0.43299430387036364,5.45930747538805
81,80,718,pier,718,pier,0.9135964512825012,independent_fresh,Color-LIME — Independent-Color Fresh,1000,256,256,242,25,49,0.11760602678571429,0.2373844068877551,39,0.2,0.20224808673469388,0.09039856493473053,839,0.8231978863477707,1,0.4592321885862105,5.459204567968845
82,81,717,"pickup, pickup truck",717,"pickup, pickup truck",0.9981682300567627,default_lime,Default LIME,1000,,34,16,2,4,0.14385363520408162,0.2639708227040816,3,0.2,0.20521763392857142,0.9940284490585327,717,0.0041397809982299805,0,0.38923651066059706,4.345215426757932
82,81,717,"pickup, pickup truck",717,"pickup, pickup truck",0.9981682300567627,color_black,Color-LIME — Black,1000,256,256,143,15,29,0.06808035714285714,0.13181600765306123,44,0.2,0.20192920918367346,4.312210148782469e-05,586,0.9981251079552749,1,0.4656205823091043,5.529074183106422
82,81,717,"pickup, pickup truck",717,"pickup, pickup truck",0.9981682300567627,structure_fixed,Color-LIME — Structure-Preserving Fixed,1000,256,256,146,15,30,0.09231505102040816,0.17036033163265307,40,0.2,0.20091278698979592,0.9428167939186096,717,0.055351436138153076,0,0.5902287815789735,5.526953624933958
82,81,717,"pickup, pickup truck",717,"pickup, pickup truck",0.9981682300567627,structure_fresh,Color-LIME — Structure-Preserving Fresh,1000,256,256,140,14,28,0.06939572704081633,0.12310666454081633,46,0.2,0.20567602040816327,0.9726999402046204,717,0.025468289852142334,0,0.34282732516665626,5.526690820604562
82,81,717,"pickup, pickup truck",717,"pickup, pickup truck",0.9981682300567627,independent_fixed,Color-LIME — Independent-Color Fixed,1000,256,256,152,16,31,0.09574298469387756,0.16938376913265307,40,0.2,0.21464445153061223,0.9491943717002869,717,0.04897385835647583,0,0.485249842410859,5.526008203998208
82,81,717,"pickup, pickup truck",717,"pickup, pickup truck",0.9981682300567627,independent_fresh,Color-LIME — Independent-Color Fresh,1000,256,256,155,16,31,0.08573820153061225,0.14913504464285715,46,0.2,0.20274633290816327,0.9154899716377258,717,0.08267825841903687,0,0.4628896676011566,5.525757754594087
83,82,195,"Boston bull, Boston terrier",195,"Boston bull, Boston terrier",0.9762937426567078,default_lime,Default LIME,1000,,35,23,3,5,0.10704320790816327,0.22666214923469388,5,0.2,0.22666214923469388,0.008722689934074879,223,0.9675710527226329,1,0.6821897233159092,4.426162911579013
83,82,195,"Boston bull, Boston terrier",195,"Boston bull, Boston terrier",0.9762937426567078,color_black,Color-LIME — Black,1000,256,256,207,21,42,0.07772640306122448,0.15599091198979592,54,0.2,0.20107222576530612,6.331662007141858e-05,747,0.9762304260366363,1,0.36316973257264373,5.369817998632788
83,82,195,"Boston bull, Boston terrier",195,"Boston bull, Boston terrier",0.9762937426567078,structure_fixed,Color-LIME — Structure-Preserving Fixed,1000,256,256,213,22,43,0.09903140943877552,0.18283641581632654,46,0.2,0.20107222576530612,0.00017661335004959255,917,0.9761171293066582,1,0.38716132938934245,5.367857957631349
83,82,195,"Boston bull, Boston terrier",195,"Boston bull, Boston terrier",0.9762937426567078,structure_fresh,Color-LIME — Structure-Preserving Fresh,1000,256,256,199,20,40,0.0848812181122449,0.1734893176020408,47,0.2,0.20390226403061223,0.0005080676637589931,886,0.9757856749929488,1,0.3599518849419945,5.367511066049337
83,82,195,"Boston bull, Boston terrier",195,"Boston bull, Boston terrier",0.9762937426567078,independent_fixed,Color-LIME — Independent-Color Fixed,1000,256,256,171,18,35,0.08974410076530612,0.13155691964285715,54,0.2,0.20224808673469388,0.08676202595233917,917,0.8895317167043686,1,0.3658316817290821,5.367477039247751
83,82,195,"Boston bull, Boston terrier",195,"Boston bull, Boston terrier",0.9762937426567078,independent_fresh,Color-LIME — Independent-Color Fresh,1000,256,256,174,18,35,0.07874282525510204,0.1418407206632653,52,0.2,0.2046795280612245,0.00027443835278972983,604,0.976019304303918,1,0.3693504554377395,5.367494430765509
84,83,340,zebra,340,zebra,0.9822033643722534,default_lime,Default LIME,1000,,44,24,3,5,0.051658163265306124,0.12444196428571429,7,0.2,0.2269013073979592,0.0011858554789796472,345,0.9810175088932738,1,0.6976735454551091,4.524702860042453
84,83,340,zebra,340,zebra,0.9822033643722534,color_black,Color-LIME — Black,1000,256,256,159,16,32,0.05275430484693878,0.10726243622448979,57,0.2,0.2023875956632653,0.011767900548875332,9,0.9704354638233781,1,0.39421428552003135,5.668005338683725
84,83,340,zebra,340,zebra,0.9822033643722534,structure_fixed,Color-LIME — Structure-Preserving Fixed,1000,256,256,165,17,33,0.07547433035714286,0.13366948341836735,47,0.2,0.20071348852040816,0.06093321368098259,345,0.9212701506912708,1,0.40986394513156044,5.666020200401545
84,83,340,zebra,340,zebra,0.9822033643722534,structure_fresh,Color-LIME — Structure-Preserving Fresh,1000,256,256,156,16,32,0.07816485969387756,0.1423389668367347,46,0.2,0.20250717474489796,0.1147252544760704,9,0.867478109896183,1,0.3467822381325525,5.666924292966724
84,83,340,zebra,340,zebra,0.9822033643722534,independent_fixed,Color-LIME — Independent-Color Fixed,1000,256,256,137,14,28,0.08735251913265306,0.1563297193877551,39,0.2,0.20037468112244897,0.0813714936375618,345,0.9008318707346916,1,0.6922056143407067,5.667139730229974
84,83,340,zebra,340,zebra,0.9822033643722534,independent_fresh,Color-LIME — Independent-Color Fresh,1000,256,256,157,16,32,0.07314253826530612,0.1516063456632653,43,0.2,0.20067362882653061,0.21316134929656982,9,0.7690420150756836,1,0.6069918092586393,5.667127837240696
85,84,627,"limousine, limo",627,"limousine, limo",0.9979670643806458,default_lime,Default LIME,1000,,38,17,2,4,0.06289859693877552,0.1139389349489796,6,0.2,0.21653778698979592,0.9608252644538879,627,0.03714179992675781,0,0.1574600297839378,4.39002862945199
85,84,627,"limousine, limo",627,"limousine, limo",0.9979670643806458,color_black,Color-LIME — Black,1000,256,256,141,15,29,0.07256457270408163,0.13221460459183673,43,0.2,0.20420121173469388,0.9766951203346252,627,0.021271944046020508,0,0.3512849543969453,5.333811761811376
85,84,627,"limousine, limo",627,"limousine, limo",0.9979670643806458,structure_fixed,Color-LIME — Structure-Preserving Fixed,1000,256,256,153,16,31,0.10768096301020408,0.17295121173469388,36,0.2,0.20067362882653061,0.9985467791557312,627,0.0,0,0.5471521362569904,5.331520508974791
85,84,627,"limousine, limo",627,"limousine, limo",0.9979670643806458,structure_fresh,Color-LIME — Structure-Preserving Fresh,1000,256,256,154,16,31,0.10180165816326531,0.17201450892857142,42,0.2,0.20334422831632654,0.9966867566108704,627,0.0012803077697753906,0,0.4284140614738693,5.33149422518909
85,84,627,"limousine, limo",627,"limousine, limo",0.9979670643806458,independent_fixed,Color-LIME — Independent-Color Fixed,1000,256,256,155,16,31,0.09273357780612244,0.18632413903061223,34,0.2,0.2004344706632653,0.998492956161499,627,0.0,0,0.4667270614270118,5.331375310197473
85,84,627,"limousine, limo",627,"limousine, limo",0.9979670643806458,independent_fresh,Color-LIME — Independent-Color Fresh,1000,256,256,157,16,32,0.09133848852040816,0.1726124043367347,37,0.2,0.2001355229591837,0.9969393014907837,627,0.0010277628898620605,0,0.3899284068850505,5.3312876764684916
86,85,138,bustard,138,bustard,0.9994131326675415,default_lime,Default LIME,1000,,40,22,3,5,0.10321667729591837,0.15977758290816327,7,0.2,0.21107700892857142,0.1009533628821373,93,0.8984597697854042,1,0.28015305771979615,4.613030279055238
86,85,138,bustard,138,bustard,0.9994131326675415,color_black,Color-LIME — Black,1000,256,256,141,15,29,0.04251036352040816,0.09823421556122448,55,0.2,0.20631377551020408,0.9559878706932068,138,0.04342526197433472,0,0.5198504891080724,5.592858485132456
86,85,138,bustard,138,bustard,0.9994131326675415,structure_fixed,Color-LIME — Structure-Preserving Fixed,1000,256,256,151,16,31,0.05406967474489796,0.1045719068877551,60,0.2,0.20061383928571427,0.9908204674720764,138,0.008592665195465088,0,0.5008087325617558,5.591950237005949
86,85,138,bustard,138,bustard,0.9994131326675415,structure_fresh,Color-LIME — Structure-Preserving Fresh,1000,256,256,149,15,30,0.04587850765306122,0.10465162627551021,54,0.2,0.2023875956632653,0.9826816916465759,138,0.016731441020965576,0,0.3268167310203932,5.592573664337396
86,85,138,bustard,138,bustard,0.9994131326675415,independent_fixed,Color-LIME — Independent-Color Fixed,1000,256,256,161,17,33,0.05472735969387755,0.13000239158163265,50,0.2,0.20017538265306123,0.984870970249176,138,0.014542162418365479,0,0.5406939489883491,5.593304350227117
86,85,138,bustard,138,bustard,0.9994131326675415,independent_fresh,Color-LIME — Independent-Color Fresh,1000,256,256,167,17,34,0.053611288265306124,0.10098453443877552,60,0.2,0.20232780612244897,0.4826473891735077,135,0.5167657434940338,1,0.45743539583692994,5.591507914662361
87,86,835,sundial,835,sundial,0.9957289099693298,default_lime,Default LIME,1000,,32,22,3,5,0.15898038903061223,0.23254145408163265,5,0.2,0.23254145408163265,0.08386824280023575,741,0.9118606671690941,1,0.6917714440498395,4.381799601018429
87,86,835,sundial,835,sundial,0.9957289099693298,color_black,Color-LIME — Black,1000,256,256,220,22,44,0.10301737882653061,0.17861128826530612,49,0.2,0.20115194515306123,0.00033232421264983714,772,0.99539658575668,1,0.38445827669099897,5.215613881126046
87,86,835,sundial,835,sundial,0.9957289099693298,structure_fixed,Color-LIME — Structure-Preserving Fixed,1000,256,256,241,25,49,0.10576769770408163,0.20517777423469388,48,0.2,0.20017538265306123,0.001844888087362051,556,0.9938840218819678,1,0.3969435794165326,5.212791498750448
87,86,835,sundial,835,sundial,0.9957289099693298,structure_fresh,Color-LIME — Structure-Preserving Fresh,1000,256,256,228,23,46,0.09474649234693877,0.18610491071428573,50,0.2,0.2049984056122449,0.00035288557410240173,443,0.9953760243952274,1,0.38267176914726597,5.212943535298109
87,86,835,sundial,835,sundial,0.9957289099693298,independent_fixed,Color-LIME — Independent-Color Fixed,1000,256,256,245,25,49,0.09948979591836735,0.19256218112244897,52,0.2,0.20567602040816327,0.0008293883875012398,741,0.9948995215818286,1,0.414259831418754,5.212865151464939
87,86,835,sundial,835,sundial,0.9957289099693298,independent_fresh,Color-LIME — Independent-Color Fresh,1000,256,256,243,25,49,0.10078523596938775,0.19608976403061223,51,0.2,0.20280612244897958,0.0006348215974867344,741,0.9950940883718431,1,0.41504673296236827,5.212944747880101
88,87,743,"prison, prison house",743,"prison, prison house",0.9990848302841187,default_lime,Default LIME,1000,,54,36,4,8,0.13145727040816327,0.22604432397959184,7,0.2,0.21773357780612246,0.9949421286582947,743,0.004142701625823975,0,0.3817365565036174,4.704752262681723
88,87,743,"prison, prison house",743,"prison, prison house",0.9990848302841187,color_black,Color-LIME — Black,1000,256,256,114,12,23,0.04946588010204082,0.09422831632653061,44,0.2,0.20463966836734693,0.8315394520759583,743,0.1675453782081604,0,0.4014226776617821,5.224480385333299
88,87,743,"prison, prison house",743,"prison, prison house",0.9990848302841187,structure_fixed,Color-LIME — Structure-Preserving Fixed,1000,256,256,139,14,28,0.08627630739795919,0.14407286352040816,48,0.2,0.21245216836734693,0.9951861500740051,743,0.0038986802101135254,0,0.49797987734421156,5.222662622481584
88,87,743,"prison, prison house",743,"prison, prison house",0.9990848302841187,structure_fresh,Color-LIME — Structure-Preserving Fresh,1000,256,256,131,14,27,0.08769132653061225,0.13181600765306123,51,0.2,0.2273796237244898,0.9988190531730652,743,0.0002657771110534668,0,0.27805497405585455,5.222502664104104
88,87,743,"prison, prison house",743,"prison, prison house",0.9990848302841187,independent_fixed,Color-LIME — Independent-Color Fixed,1000,256,256,128,13,26,0.09097975127551021,0.12876674107142858,52,0.2,0.20087292729591838,0.9964003562927246,743,0.002684473991394043,0,0.47602224107429214,5.222499646618962
88,87,743,"prison, prison house",743,"prison, prison house",0.9990848302841187,independent_fresh,Color-LIME — Independent-Color Fresh,1000,256,256,121,13,25,0.07702885841836735,0.11593191964285714,43,0.2,0.2010921556122449,0.9960512518882751,743,0.003033578395843506,0,0.3946733902297711,5.222504973784089
89,88,623,"letter opener, paper knife, paperknife",623,"letter opener, paper knife, paperknife",0.7734123468399048,default_lime,Default LIME,1000,,38,29,3,6,0.12830835459183673,0.24661192602040816,5,0.2,0.22704081632653061,0.05361029878258705,868,0.7198020480573177,1,0.5333371848738567,4.4986417517066
89,88,623,"letter opener, paper knife, paperknife",623,"letter opener, paper knife, paperknife",0.7734123468399048,color_black,Color-LIME — Black,1000,256,256,246,25,50,0.10638552295918367,0.1949736926020408,53,0.2,0.20557637117346939,0.002518948633223772,599,0.770893398206681,1,0.3910229992831302,5.351822461932898
89,88,623,"letter opener, paper knife, paperknife",623,"letter opener, paper knife, paperknife",0.7734123468399048,structure_fixed,Color-LIME — Structure-Preserving Fixed,1000,256,256,220,22,44,0.1275310905612245,0.2034638073979592,43,0.2,0.20161033163265307,0.0020728909876197577,583,0.771339455852285,1,0.3950636140595374,5.349997334182262
89,88,623,"letter opener, paper knife, paperknife",623,"letter opener, paper knife, paperknife",0.7734123468399048,structure_fresh,Color-LIME — Structure-Preserving Fresh,1000,256,256,239,24,48,0.09805484693877552,0.22401147959183673,44,0.2,0.20579559948979592,0.0013116825139150023,599,0.7721006643259898,1,0.4103832034118303,5.347907897084951
89,88,623,"letter opener, paper knife, paperknife",623,"letter opener, paper knife, paperknife",0.7734123468399048,independent_fixed,Color-LIME — Independent-Color Fixed,1000,256,256,198,20,40,0.11065051020408163,0.19670758928571427,41,0.2,0.20298549107142858,0.024529587477445602,711,0.7488827593624592,1,0.3973916797459196,5.347659258171916
89,88,623,"letter opener, paper knife, paperknife",623,"letter opener, paper knife, paperknife",0.7734123468399048,independent_fresh,Color-LIME — Independent-Color Fresh,1000,256,256,206,21,42,0.11724728954081633,0.20735012755102042,41,0.2,0.20039461096938777,0.002004101173952222,711,0.7714082456659526,1,0.41970131959515833,5.347623659297824
90,89,998,"ear, spike, capitulum",998,"ear, spike, capitulum",0.7664027214050293,default_lime,Default LIME,1000,,20,9,1,2,0.11352040816326531,0.15626992984693877,3,0.2,0.28055245535714285,0.4366001784801483,998,0.329802542924881,0,0.7599882201630611,4.104730410501361
90,89,998,"ear, spike, capitulum",998,"ear, spike, capitulum",0.7664027214050293,color_black,Color-LIME — Black,1000,256,256,239,24,48,0.20782844387755103,0.27150430484693877,22,0.2,0.20378268494897958,0.12972392141819,939,0.6366787999868393,1,0.40481545588762224,5.070997354388237
90,89,998,"ear, spike, capitulum",998,"ear, spike, capitulum",0.7664027214050293,structure_fixed,Color-LIME — Structure-Preserving Fixed,1000,256,256,244,25,49,0.08597735969387756,0.1506297831632653,54,0.2,0.2076690051020408,0.031474076211452484,954,0.7349286451935768,1,0.41508462973915616,5.069930539280176
90,89,998,"ear, spike, capitulum",998,"ear, spike, capitulum",0.7664027214050293,structure_fresh,Color-LIME — Structure-Preserving Fresh,1000,256,256,243,25,49,0.08639588647959184,0.1506297831632653,58,0.2,0.21416613520408162,0.033550478518009186,954,0.7328522428870201,1,0.4139587594672719,5.06734008602798
90,89,998,"ear, spike, capitulum",998,"ear, spike, capitulum",0.7664027214050293,independent_fixed,Color-LIME — Independent-Color Fixed,1000,256,256,232,24,47,0.19535235969387754,0.26717952806122447,28,0.2,0.20159040178571427,0.029710840433835983,939,0.7366918809711933,1,0.43800017002982017,5.066786127910018
90,89,998,"ear, spike, capitulum",998,"ear, spike, capitulum",0.7664027214050293,independent_fresh,Color-LIME — Independent-Color Fresh,1000,256,256,245,25,49,0.06554926658163265,0.14698262117346939,59,0.2,0.20029496173469388,0.021107854321599007,954,0.7452948670834303,1,0.4272748766477513,5.066830518469215
91,90,322,"ringlet, ringlet butterfly",322,"ringlet, ringlet butterfly",0.9997138381004333,default_lime,Default LIME,1000,,32,17,2,4,0.07593271683673469,0.1348453443877551,7,0.2,0.23280054209183673,0.8061189651489258,322,0.19359487295150757,0,0.21561464420275644,4.316640641540289
91,90,322,"ringlet, ringlet butterfly",322,"ringlet, ringlet butterfly",0.9997138381004333,color_black,Color-LIME — Black,1000,256,256,157,16,32,0.05727838010204082,0.11019212372448979,58,0.2,0.2018096301020408,0.12863947451114655,326,0.8710743635892868,1,0.45730091248835636,5.350555776804685
91,90,322,"ringlet, ringlet butterfly",322,"ringlet, ringlet butterfly",0.9997138381004333,structure_fixed,Color-LIME — Structure-Preserving Fixed,1000,256,256,235,24,47,0.10377471301020408,0.18120216836734693,53,0.2,0.20731026785714285,0.8092061281204224,322,0.190507709980011,0,0.43423494710982313,5.348545820638537
91,90,322,"ringlet, ringlet butterfly",322,"ringlet, ringlet butterfly",0.9997138381004333,structure_fresh,Color-LIME — Structure-Preserving Fresh,1000,256,256,237,24,48,0.09038185586734694,0.19252232142857142,49,0.2,0.20149075255102042,0.5510939955711365,322,0.4486198425292969,0,0.4234341225682198,5.348435961827636
91,90,322,"ringlet, ringlet butterfly",322,"ringlet, ringlet butterfly",0.9997138381004333,independent_fixed,Color-LIME — Independent-Color Fixed,1000,256,256,244,25,49,0.09223533163265306,0.17524314413265307,55,0.2,0.2001355229591837,0.720587432384491,322,0.2791264057159424,0,0.44042422504958145,5.348377130180597
91,90,322,"ringlet, ringlet butterfly",322,"ringlet, ringlet butterfly",0.9997138381004333,independent_fresh,Color-LIME — Independent-Color Fresh,1000,256,256,222,23,45,0.08147321428571429,0.16151147959183673,53,0.2,0.20194913903061223,0.7096629738807678,322,0.2900508642196655,0,0.3728083998658891,5.348325939103961
92,91,564,four-poster,564,four-poster,0.9952427744865417,default_lime,Default LIME,1000,,42,31,4,7,0.1730907206632653,0.2545838647959184,6,0.2,0.21472417091836735,0.9879036545753479,564,0.007339119911193848,0,0.31809512609357504,4.390620648860931
92,91,564,four-poster,564,four-poster,0.9952427744865417,color_black,Color-LIME — Black,1000,256,256,159,16,32,0.13817362882653061,0.2184111926020408,27,0.2,0.20067362882653061,0.24351975321769714,516,0.7517230212688446,1,0.44305017983301176,5.228700541332364
92,91,564,four-poster,564,four-poster,0.9952427744865417,structure_fixed,Color-LIME — Structure-Preserving Fixed,1000,256,256,155,16,31,0.15068957270408162,0.22727997448979592,26,0.2,0.20041454081632654,0.1378002017736435,564,0.8574425727128983,0,0.4885776818167674,5.226712085679173
92,91,564,four-poster,564,four-poster,0.9952427744865417,structure_fresh,Color-LIME — Structure-Preserving Fresh,1000,256,256,161,17,33,0.15260283801020408,0.24216757015306123,25,0.2,0.20063376913265307,0.8009978532791138,564,0.19424492120742798,0,0.38173912670117416,5.22661643885076
92,91,564,four-poster,564,four-poster,0.9952427744865417,independent_fixed,Color-LIME — Independent-Color Fixed,1000,256,256,175,18,35,0.19052933673469388,0.2794164540816326,21,0.2,0.21440529336734693,0.5993250012397766,564,0.39591777324676514,0,0.552726447518257,5.226667132601142
92,91,564,four-poster,564,four-poster,0.9952427744865417,independent_fresh,Color-LIME — Independent-Color Fresh,1000,256,256,166,17,34,0.17516342474489796,0.3046277104591837,23,0.2,0.20161033163265307,0.5341917276382446,564,0.4610510468482971,0,0.5302010671545296,5.226574834808707
93,92,570,"gasmask, respirator, gas helmet",570,"gasmask, respirator, gas helmet",0.9045339226722717,default_lime,Default LIME,1000,,35,16,2,4,0.08438297193877552,0.12165178571428571,7,0.2,0.22181919642857142,0.4813772439956665,691,0.4231566786766052,1,0.343831665329272,4.416999131441116
93,92,570,"gasmask, respirator, gas helmet",570,"gasmask, respirator, gas helmet",0.9045339226722717,color_black,Color-LIME — Black,1000,256,256,134,14,27,0.06823979591836735,0.11340082908163265,52,0.2,0.20756935586734693,0.2939268946647644,691,0.6106070280075073,1,0.4496797788551461,5.201495060324669
93,92,570,"gasmask, respirator, gas helmet",570,"gasmask, respirator, gas helmet",0.9045339226722717,structure_fixed,Color-LIME — Structure-Preserving Fixed,1000,256,256,144,15,29,0.1534797512755102,0.21169483418367346,24,0.2,0.2001355229591837,0.9632343053817749,570,0.0,0,0.48839099041864154,5.200750356167555
93,92,570,"gasmask, respirator, gas helmet",570,"gasmask, respirator, gas helmet",0.9045339226722717,structure_fresh,Color-LIME — Structure-Preserving Fresh,1000,256,256,155,16,31,0.15626992984693877,0.2062938456632653,31,0.2,0.2062938456632653,0.7735794186592102,570,0.13095450401306152,0,0.3743726536021623,5.2001058455556635
93,92,570,"gasmask, respirator, gas helmet",570,"gasmask, respirator, gas helmet",0.9045339226722717,independent_fixed,Color-LIME — Independent-Color Fixed,1000,256,256,152,16,31,0.19323979591836735,0.30357142857142855,17,0.2,0.22138073979591838,0.9058222770690918,570,0.0,0,0.5662468360939408,5.199670103937388
93,92,570,"gasmask, respirator, gas helmet",570,"gasmask, respirator, gas helmet",0.9045339226722717,independent_fresh,Color-LIME — Independent-Color Fresh,1000,256,256,153,16,31,0.1963488520408163,0.2891422193877551,17,0.2,0.21599968112244897,0.935047447681427,570,0.0,0,0.48760015683706637,5.199362076446414
94,93,905,window shade,905,window shade,0.8006995916366577,default_lime,Default LIME,1000,,26,15,2,3,0.15475526147959184,0.19577088647959184,4,0.2,0.25392617984693877,0.7015626430511475,905,0.09913694858551025,0,0.5498614823714897,4.217337798327208
94,93,905,window shade,905,window shade,0.8006995916366577,color_black,Color-LIME — Black,1000,256,256,227,23,46,0.1034359056122449,0.20926339285714285,45,0.2,0.20527742346938777,0.004807973280549049,556,0.7958916183561087,1,0.4093632177566221,5.119281623139978
94,93,905,window shade,905,window shade,0.8006995916366577,structure_fixed,Color-LIME — Structure-Preserving Fixed,1000,256,256,242,25,49,0.09424824617346939,0.1980030293367347,50,0.2,0.2058155293367347,0.0694597139954567,556,0.731239877641201,1,0.443390155966383,5.116028813272715
94,93,905,window shade,905,window shade,0.8006995916366577,structure_fresh,Color-LIME — Structure-Preserving Fresh,1000,256,256,223,23,45,0.07758689413265306,0.2061344068877551,45,0.2,0.2061344068877551,0.0162915401160717,556,0.784408051520586,1,0.3812909627230009,5.114990694075823
94,93,905,window shade,905,window shade,0.8006995916366577,independent_fixed,Color-LIME — Independent-Color Fixed,1000,256,256,244,25,49,0.11220503826530612,0.2018096301020408,49,0.2,0.2018096301020408,0.10723838210105896,556,0.6934612095355988,1,0.43714854342793785,5.114905655011535
94,93,905,window shade,905,window shade,0.8006995916366577,independent_fresh,Color-LIME — Independent-Color Fresh,1000,256,256,249,25,50,0.10038663903061225,0.2020886479591837,48,0.2,0.2000358737244898,0.004331243224442005,556,0.7963683484122157,1,0.4362553119756054,5.1148950006812814
95,94,875,trombone,875,trombone,0.882448673248291,default_lime,Default LIME,1000,,35,25,3,5,0.08031728316326531,0.14435188137755103,8,0.2,0.20509805484693877,0.03449815511703491,819,0.8479505181312561,1,0.6060723693495633,4.392820928245783
95,94,875,trombone,875,trombone,0.882448673248291,color_black,Color-LIME — Black,1000,256,256,210,21,42,0.07563376913265306,0.1509685905612245,55,0.2,0.2041613520408163,0.04642923176288605,541,0.836019441485405,1,0.3404618326768254,5.350549319759011
95,94,875,trombone,875,trombone,0.882448673248291,structure_fixed,Color-LIME — Structure-Preserving Fixed,1000,256,256,243,25,49,0.10315688775510204,0.19038982780612246,54,0.2,0.2023875956632653,0.05461852252483368,643,0.8278301507234573,1,0.3889532553267032,5.348577274009585
95,94,875,trombone,875,trombone,0.882448673248291,structure_fresh,Color-LIME — Structure-Preserving Fresh,1000,256,256,244,25,49,0.09267378826530612,0.1814811862244898,53,0.2,0.2001953125,0.04375877603888512,917,0.8386898972094059,1,0.39294795679301453,5.348529824987054
95,94,875,trombone,875,trombone,0.882448673248291,independent_fixed,Color-LIME — Independent-Color Fixed,1000,256,256,243,25,49,0.09779575892857142,0.18453045280612246,53,0.2,0.2032047193877551,0.04379674419760704,643,0.838651929050684,1,0.3873399470078195,5.348809907212853
95,94,875,trombone,875,trombone,0.882448673248291,independent_fresh,Color-LIME — Independent-Color Fresh,1000,256,256,244,25,49,0.09915098852040816,0.17582110969387754,58,0.2,0.20332429846938777,0.31264692544937134,875,0.5698017477989197,0,0.38833420559905873,5.350016830489039
98,97,811,space heater,811,space heater,0.9957966804504395,default_lime,Default LIME,1000,,31,18,2,4,0.09628109056122448,0.13757573341836735,7,0.2,0.2293327487244898,0.0071526383981108665,851,0.9886440420523286,1,0.7875115554259859,4.20900122076273
98,97,811,space heater,811,space heater,0.9957966804504395,color_black,Color-LIME — Black,1000,256,256,239,24,48,0.10507015306122448,0.20577566964285715,46,0.2,0.20075334821428573,0.08340922743082047,556,0.912387453019619,1,0.3839337855212117,5.247704140096903
98,97,811,space heater,811,space heater,0.9957966804504395,structure_fixed,Color-LIME — Structure-Preserving Fixed,1000,256,256,250,25,50,0.10247927295918367,0.18293606505102042,55,0.2,0.2040218431122449,0.8566556572914124,811,0.1391410231590271,0,0.38264929479671195,5.245531653240323
98,97,811,space heater,811,space heater,0.9957966804504395,structure_fresh,Color-LIME — Structure-Preserving Fresh,1000,256,256,250,25,50,0.10247927295918367,0.18293606505102042,54,0.2,0.20274633290816327,0.9467676877975464,811,0.049028992652893066,0,0.3822322762411743,5.245590509101748
98,97,811,space heater,811,space heater,0.9957966804504395,independent_fixed,Color-LIME — Independent-Color Fixed,1000,256,256,249,25,50,0.10247927295918367,0.18293606505102042,54,0.2,0.20274633290816327,0.9467676877975464,811,0.049028992652893066,0,0.3828380166928168,5.245514984428882
98,97,811,space heater,811,space heater,0.9957966804504395,independent_fresh,Color-LIME — Independent-Color Fresh,1000,256,256,249,25,50,0.10421316964285714,0.18219866071428573,52,0.2,0.20244738520408162,0.7924082279205322,811,0.20338845252990723,0,0.3838675148482795,5.245514841005206
100,99,238,Greater Swiss Mountain dog,238,Greater Swiss Mountain dog,0.796090841293335,default_lime,Default LIME,1000,,24,11,2,3,0.21873007015306123,0.2325813137755102,2,0.2,0.21873007015306123,0.1926669329404831,240,0.6034239083528519,1,0.5378021409953428,4.143228635191917
100,99,238,Greater Swiss Mountain dog,238,Greater Swiss Mountain dog,0.796090841293335,color_black,Color-LIME — Black,1000,256,256,164,17,33,0.04358657525510204,0.08795041454081633,74,0.2,0.20366310586734693,0.012123100459575653,34,0.7839677408337593,1,0.4145790937317726,5.00947765223682
100,99,238,Greater Swiss Mountain dog,238,Greater Swiss Mountain dog,0.796090841293335,structure_fixed,Color-LIME — Structure-Preserving Fixed,1000,256,256,242,25,49,0.05177774234693878,0.13897082270408162,63,0.2,0.20481903698979592,0.009943847544491291,676,0.7861469937488437,1,0.3966674602076473,5.0075774598866705
100,99,238,Greater Swiss Mountain dog,238,Greater Swiss Mountain dog,0.796090841293335,structure_fresh,Color-LIME — Structure-Preserving Fresh,1000,256,256,240,24,48,0.08011798469387756,0.1650988520408163,56,0.2,0.20673230229591838,0.09123235195875168,234,0.7048584893345833,1,0.4010222003998558,5.007316168025136
100,99,238,Greater Swiss Mountain dog,238,Greater Swiss Mountain dog,0.796090841293335,independent_fixed,Color-LIME — Independent-Color Fixed,1000,256,256,193,20,39,0.13165656887755103,0.1800263073979592,44,0.2,0.2022082270408163,0.03318634629249573,164,0.7629044950008392,1,0.5121291846040203,5.007132133096457
100,99,238,Greater Swiss Mountain dog,238,Greater Swiss Mountain dog,0.796090841293335,independent_fresh,Color-LIME — Independent-Color Fresh,1000,256,256,193,20,39,0.09036192602040816,0.17857142857142858,48,0.2,0.2017498405612245,0.21862350404262543,240,0.5774673372507095,1,0.5186029256091178,5.007097689062357
